-- phpMyAdmin SQL Dump
-- version 4.4.12
-- http://www.phpmyadmin.net
--
-- Host: localhost
-- Erstellungszeit: 23. Aug 2015 um 14:47
-- Server-Version: 5.6.25
-- PHP-Version: 5.6.11

SET SQL_MODE = "NO_AUTO_VALUE_ON_ZERO";
SET time_zone = "+00:00";


/*!40101 SET @OLD_CHARACTER_SET_CLIENT=@@CHARACTER_SET_CLIENT */;
/*!40101 SET @OLD_CHARACTER_SET_RESULTS=@@CHARACTER_SET_RESULTS */;
/*!40101 SET @OLD_COLLATION_CONNECTION=@@COLLATION_CONNECTION */;
/*!40101 SET NAMES utf8mb4 */;

--
-- Datenbank: `riotchallenger2`
--

-- --------------------------------------------------------

--
-- Tabellenstruktur für Tabelle `ap_items`
--

CREATE TABLE IF NOT EXISTS `ap_items` (
  `id` int(255) NOT NULL,
  `name` varchar(100) NOT NULL,
  `pickrate511` int(255) NOT NULL DEFAULT '0',
  `winrate511` int(255) NOT NULL DEFAULT '0',
  `pickrate514` int(255) NOT NULL DEFAULT '0',
  `winrate514` int(255) NOT NULL DEFAULT '0'
) ENGINE=InnoDB DEFAULT CHARSET=latin1;

--
-- Daten für Tabelle `ap_items`
--

INSERT INTO `ap_items` (`id`, `name`, `pickrate511`, `winrate511`, `pickrate514`, `winrate514`) VALUES
(1026, 'Blasting Wand', 0, 0, 0, 0),
(1052, 'Amplifying Tome', 0, 0, 0, 0),
(1056, 'Doran''s Ring', 0, 0, 0, 0),
(1058, 'Needlessly Large Rod', 0, 0, 0, 0),
(1063, 'Prospector''s Ring', 0, 0, 0, 0),
(3001, 'Abyssal Scepter', 0, 0, 0, 0),
(3003, 'Archangel''s Staff', 0, 0, 0, 0),
(3023, 'Twin Shadows', 0, 0, 0, 0),
(3025, 'Iceborn Gauntlet', 0, 0, 0, 0),
(3027, 'Rod of Ages', 0, 0, 0, 0),
(3041, 'Mejai''s Soulstealer', 0, 0, 0, 0),
(3048, 'Seraph''s Embrace', 0, 0, 0, 0),
(3050, 'Zeke''s Harbinger', 0, 0, 0, 0),
(3057, 'Sheen', 0, 0, 0, 0),
(3060, 'Banner of Command', 0, 0, 0, 0),
(3078, 'Trinity Force', 0, 0, 0, 0),
(3089, 'Rabadon''s Deathcap', 0, 0, 0, 0),
(3090, 'Wooglet''s Witchcap', 0, 0, 0, 0),
(3092, 'Frost Queen''s Claim', 0, 0, 0, 0),
(3098, 'Frostfang', 0, 0, 0, 0),
(3100, 'Lich Bane', 0, 0, 0, 0),
(3108, 'Fiendish Codex', 0, 0, 0, 0),
(3113, 'Aether Wisp', 0, 0, 0, 0),
(3115, 'Nashor''s Tooth', 0, 0, 0, 0),
(3116, 'Rylai''s Crystal Scepter', 0, 0, 0, 0),
(3124, 'Guinsoo''s Rageblade', 0, 0, 0, 0),
(3135, 'Void Staff', 0, 0, 0, 0),
(3136, 'Haunting Guise', 0, 0, 0, 0),
(3145, 'Hextech Revolver', 0, 0, 0, 0),
(3146, 'Hextech Gunblade', 0, 0, 0, 0),
(3151, 'Liandry''s Torment', 0, 0, 0, 0),
(3152, 'Will of the Ancients', 0, 0, 0, 0),
(3157, 'Zhonya''s Hourglass', 0, 0, 0, 0),
(3165, 'Morellonomicon', 0, 0, 0, 0),
(3170, 'Moonflair Spellblade', 0, 0, 0, 0),
(3174, 'Athene''s Unholy Grail', 0, 0, 0, 0),
(3191, 'Seeker''s Armguard', 0, 0, 0, 0),
(3196, 'The Hex Core mk-1', 0, 0, 0, 0),
(3197, 'The Hex Core mk-2', 0, 0, 0, 0),
(3198, 'Perfect Hex Core', 0, 0, 0, 0),
(3285, 'Luden''s Echo', 0, 0, 0, 0),
(3303, 'Spellthief''s Edge', 0, 0, 0, 0),
(3430, 'Rite of Ruin', 0, 0, 0, 0),
(3431, 'Netherstride Grimoire', 0, 0, 0, 0),
(3433, 'Lost Chapter', 0, 0, 0, 0),
(3434, 'Pox Arcana', 0, 0, 0, 0),
(3504, 'Ardent Censer', 0, 0, 0, 0),
(3744, 'Staff of Flowing Water', 0, 0, 0, 0),
(3829, 'Trickster''s Glass', 0, 0, 0, 0);

-- --------------------------------------------------------

--
-- Tabellenstruktur für Tabelle `champs`
--

CREATE TABLE IF NOT EXISTS `champs` (
  `id` int(255) NOT NULL,
  `name` varchar(255) NOT NULL,
  `pic` varchar(255) NOT NULL
) ENGINE=InnoDB AUTO_INCREMENT=433 DEFAULT CHARSET=latin1;

--
-- Daten für Tabelle `champs`
--

INSERT INTO `champs` (`id`, `name`, `pic`) VALUES
(1, 'Annie', 'Annie.png'),
(2, 'Olaf', 'Olaf.png'),
(3, 'Galio', 'Galio.png'),
(4, 'TwistedFate', 'TwistedFate.png'),
(5, 'XinZhao', 'XinZhao.png'),
(6, 'Urgot', 'Urgot.png'),
(7, 'Leblanc', 'Leblanc.png'),
(8, 'Vladimir', 'Vladimir.png'),
(9, 'FiddleSticks', 'FiddleSticks.png'),
(10, 'Kayle', 'Kayle.png'),
(11, 'MasterYi', 'MasterYi.png'),
(12, 'Alistar', 'Alistar.png'),
(13, 'Ryze', 'Ryze.png'),
(14, 'Sion', 'Sion.png'),
(15, 'Sivir', 'Sivir.png'),
(16, 'Soraka', 'Soraka.png'),
(17, 'Teemo', 'Teemo.png'),
(18, 'Tristana', 'Tristana.png'),
(19, 'Warwick', 'Warwick.png'),
(20, 'Nunu', 'Nunu.png'),
(21, 'MissFortune', 'MissFortune.png'),
(22, 'Ashe', 'Ashe.png'),
(23, 'Tryndamere', 'Tryndamere.png'),
(24, 'Jax', 'Jax.png'),
(25, 'Morgana', 'Morgana.png'),
(26, 'Zilean', 'Zilean.png'),
(27, 'Singed', 'Singed.png'),
(28, 'Evelynn', 'Evelynn.png'),
(29, 'Twitch', 'Twitch.png'),
(30, 'Karthus', 'Karthus.png'),
(31, 'Chogath', 'Chogath.png'),
(32, 'Amumu', 'Amumu.png'),
(33, 'Rammus', 'Rammus.png'),
(34, 'Anivia', 'Anivia.png'),
(35, 'Shaco', 'Shaco.png'),
(36, 'DrMundo', 'DrMundo.png'),
(37, 'Sona', 'Sona.png'),
(38, 'Kassadin', 'Kassadin.png'),
(39, 'Irelia', 'Irelia.png'),
(40, 'Janna', 'Janna.png'),
(41, 'Gangplank', 'Gangplank.png'),
(42, 'Corki', 'Corki.png'),
(43, 'Karma', 'Karma.png'),
(44, 'Taric', 'Taric.png'),
(45, 'Veigar', 'Veigar.png'),
(48, 'Trundle', 'Trundle.png'),
(50, 'Swain', 'Swain.png'),
(51, 'Caitlyn', 'Caitlyn.png'),
(53, 'Blitzcrank', 'Blitzcrank.png'),
(54, 'Malphite', 'Malphite.png'),
(55, 'Katarina', 'Katarina.png'),
(56, 'Nocturne', 'Nocturne.png'),
(57, 'Maokai', 'Maokai.png'),
(58, 'Renekton', 'Renekton.png'),
(59, 'JarvanIV', 'JarvanIV.png'),
(60, 'Elise', 'Elise.png'),
(61, 'Orianna', 'Orianna.png'),
(62, 'MonkeyKing', 'MonkeyKing.png'),
(63, 'Brand', 'Brand.png'),
(64, 'LeeSin', 'LeeSin.png'),
(67, 'Vayne', 'Vayne.png'),
(68, 'Rumble', 'Rumble.png'),
(69, 'Cassiopeia', 'Cassiopeia.png'),
(72, 'Skarner', 'Skarner.png'),
(74, 'Heimerdinger', 'Heimerdinger.png'),
(75, 'Nasus', 'Nasus.png'),
(76, 'Nidalee', 'Nidalee.png'),
(77, 'Udyr', 'Udyr.png'),
(78, 'Poppy', 'Poppy.png'),
(79, 'Gragas', 'Gragas.png'),
(80, 'Pantheon', 'Pantheon.png'),
(81, 'Ezreal', 'Ezreal.png'),
(82, 'Mordekaiser', 'Mordekaiser.png'),
(83, 'Yorick', 'Yorick.png'),
(84, 'Akali', 'Akali.png'),
(85, 'Kennen', 'Kennen.png'),
(86, 'Garen', 'Garen.png'),
(89, 'Leona', 'Leona.png'),
(90, 'Malzahar', 'Malzahar.png'),
(91, 'Talon', 'Talon.png'),
(92, 'Riven', 'Riven.png'),
(96, 'KogMaw', 'KogMaw.png'),
(98, 'Shen', 'Shen.png'),
(99, 'Lux', 'Lux.png'),
(101, 'Xerath', 'Xerath.png'),
(102, 'Shyvana', 'Shyvana.png'),
(103, 'Ahri', 'Ahri.png'),
(104, 'Graves', 'Graves.png'),
(105, 'Fizz', 'Fizz.png'),
(106, 'Volibear', 'Volibear.png'),
(107, 'Rengar', 'Rengar.png'),
(110, 'Varus', 'Varus.png'),
(111, 'Nautilus', 'Nautilus.png'),
(112, 'Viktor', 'Viktor.png'),
(113, 'Sejuani', 'Sejuani.png'),
(114, 'Fiora', 'Fiora.png'),
(115, 'Ziggs', 'Ziggs.png'),
(117, 'Lulu', 'Lulu.png'),
(119, 'Draven', 'Draven.png'),
(120, 'Hecarim', 'Hecarim.png'),
(121, 'Khazix', 'Khazix.png'),
(122, 'Darius', 'Darius.png'),
(126, 'Jayce', 'Jayce.png'),
(127, 'Lissandra', 'Lissandra.png'),
(131, 'Diana', 'Diana.png'),
(133, 'Quinn', 'Quinn.png'),
(134, 'Syndra', 'Syndra.png'),
(143, 'Zyra', 'Zyra.png'),
(150, 'Gnar', 'Gnar.png'),
(154, 'Zac', 'Zac.png'),
(157, 'Yasuo', 'Yasuo.png'),
(161, 'Velkoz', 'Velkoz.png'),
(201, 'Braum', 'Braum.png'),
(222, 'Jinx', 'Jinx.png'),
(223, 'TahmKench', 'TahmKench.png'),
(236, 'Lucian', 'Lucian.png'),
(238, 'Zed', 'Zed.png'),
(245, 'Ekko', 'Ekko.png'),
(254, 'Vi', 'Vi.png'),
(266, 'Aatrox', 'Aatrox.png'),
(267, 'Nami', 'Nami.png'),
(268, 'Azir', 'Azir.png'),
(412, 'Thresh', 'Thresh.png'),
(421, 'RekSai', 'RekSai.png'),
(429, 'Kalista', 'Kalista.png'),
(432, 'Bard', 'Bard.png');

-- --------------------------------------------------------

--
-- Tabellenstruktur für Tabelle `champ_stats`
--

CREATE TABLE IF NOT EXISTS `champ_stats` (
  `champ_id` int(255) NOT NULL,
  `stat_id` int(255) NOT NULL,
  `value` decimal(65,2) NOT NULL
) ENGINE=InnoDB DEFAULT CHARSET=latin1;

--
-- Daten für Tabelle `champ_stats`
--

INSERT INTO `champ_stats` (`champ_id`, `stat_id`, `value`) VALUES
(1, 1, '575.00'),
(1, 2, '50.00'),
(1, 3, '334.00'),
(1, 4, '50.41'),
(1, 5, '511.68'),
(1, 6, '76.00'),
(1, 7, '2.63'),
(1, 8, '19.22'),
(1, 9, '0.80'),
(1, 10, '5.42'),
(1, 11, '0.00'),
(1, 12, '0.00'),
(1, 13, '6.00'),
(1, 14, '1.36'),
(1, 15, '30.00'),
(1, 16, '335.00'),
(1, 17, '0.08'),
(1, 18, '0.00'),
(1, 19, '0.55'),
(1, 20, '4.00'),
(2, 1, '125.00'),
(2, 2, '45.00'),
(2, 3, '265.60'),
(2, 4, '59.98'),
(2, 5, '597.24'),
(2, 6, '93.00'),
(2, 7, '3.50'),
(2, 8, '26.04'),
(2, 9, '0.58'),
(2, 10, '8.51'),
(2, 11, '0.00'),
(2, 12, '1.25'),
(2, 13, '7.47'),
(2, 14, '2.70'),
(2, 15, '32.10'),
(2, 16, '350.00'),
(2, 17, '-0.10'),
(2, 18, '0.00'),
(2, 19, '0.90'),
(2, 20, '3.00'),
(3, 1, '125.00'),
(3, 2, '50.00'),
(3, 3, '319.00'),
(3, 4, '61.97'),
(3, 5, '577.80'),
(3, 6, '85.00'),
(3, 7, '3.38'),
(3, 8, '26.88'),
(3, 9, '0.80'),
(3, 10, '8.71'),
(3, 11, '0.00'),
(3, 12, '1.25'),
(3, 13, '6.00'),
(3, 14, '1.20'),
(3, 15, '32.10'),
(3, 16, '335.00'),
(3, 17, '-0.02'),
(3, 18, '0.00'),
(3, 19, '0.75'),
(3, 20, '3.50'),
(4, 1, '525.00'),
(4, 2, '38.00'),
(4, 3, '265.84'),
(4, 4, '49.95'),
(4, 5, '521.76'),
(4, 6, '82.00'),
(4, 7, '3.30'),
(4, 8, '20.54'),
(4, 9, '0.80'),
(4, 10, '5.51'),
(4, 11, '0.00'),
(4, 12, '0.00'),
(4, 13, '6.00'),
(4, 14, '3.22'),
(4, 15, '30.00'),
(4, 16, '330.00'),
(4, 17, '-0.04'),
(4, 18, '0.00'),
(4, 19, '0.60'),
(4, 20, '3.15'),
(5, 1, '175.00'),
(5, 2, '35.00'),
(5, 3, '273.80'),
(5, 4, '57.54'),
(5, 5, '591.16'),
(5, 6, '87.00'),
(5, 7, '3.30'),
(5, 8, '25.88'),
(5, 9, '0.45'),
(5, 10, '8.18'),
(5, 11, '0.00'),
(5, 12, '1.25'),
(5, 13, '7.26'),
(5, 14, '2.60'),
(5, 15, '32.10'),
(5, 16, '345.00'),
(5, 17, '-0.07'),
(5, 18, '0.00'),
(5, 19, '0.70'),
(5, 20, '3.50'),
(6, 1, '425.00'),
(6, 2, '55.00'),
(6, 3, '312.40'),
(6, 4, '52.05'),
(6, 5, '586.52'),
(6, 6, '89.00'),
(6, 7, '3.60'),
(6, 8, '24.54'),
(6, 9, '0.65'),
(6, 10, '6.51'),
(6, 11, '0.00'),
(6, 12, '0.00'),
(6, 13, '8.59'),
(6, 14, '2.90'),
(6, 15, '30.00'),
(6, 16, '335.00'),
(6, 17, '-0.03'),
(6, 18, '0.00'),
(6, 19, '0.60'),
(6, 20, '3.30'),
(7, 1, '525.00'),
(7, 2, '50.00'),
(7, 3, '334.00'),
(7, 4, '54.88'),
(7, 5, '516.00'),
(7, 6, '75.00'),
(7, 7, '3.50'),
(7, 8, '21.88'),
(7, 9, '0.80'),
(7, 10, '7.42'),
(7, 11, '0.00'),
(7, 12, '0.00'),
(7, 13, '6.00'),
(7, 14, '1.40'),
(7, 15, '30.00'),
(7, 16, '335.00'),
(7, 17, '0.00'),
(7, 18, '0.00'),
(7, 19, '0.55'),
(7, 20, '3.50'),
(8, 1, '450.00'),
(8, 2, '0.00'),
(8, 3, '0.00'),
(8, 4, '48.04'),
(8, 5, '542.80'),
(8, 6, '85.00'),
(8, 7, '3.00'),
(8, 8, '21.88'),
(8, 9, '0.00'),
(8, 10, '7.01'),
(8, 11, '0.00'),
(8, 12, '0.00'),
(8, 13, '0.00'),
(8, 14, '2.00'),
(8, 15, '30.00'),
(8, 16, '335.00'),
(8, 17, '-0.05'),
(8, 18, '0.00'),
(8, 19, '0.60'),
(8, 20, '3.50'),
(9, 1, '480.00'),
(9, 2, '59.00'),
(9, 3, '350.12'),
(9, 4, '48.36'),
(9, 5, '524.40'),
(9, 6, '80.00'),
(9, 7, '2.63'),
(9, 8, '20.88'),
(9, 9, '0.80'),
(9, 10, '5.61'),
(9, 11, '0.00'),
(9, 12, '0.00'),
(9, 13, '6.00'),
(9, 14, '2.11'),
(9, 15, '30.00'),
(9, 16, '335.00'),
(9, 17, '0.00'),
(9, 18, '0.00'),
(9, 19, '0.60'),
(9, 20, '3.50'),
(10, 1, '125.00'),
(10, 2, '40.00'),
(10, 3, '322.20'),
(10, 4, '56.00'),
(10, 5, '574.24'),
(10, 6, '93.00'),
(10, 7, '2.80'),
(10, 8, '26.88'),
(10, 9, '0.80'),
(10, 10, '8.26'),
(10, 11, '0.00'),
(10, 12, '0.00'),
(10, 13, '6.00'),
(10, 14, '2.20'),
(10, 15, '30.00'),
(10, 16, '335.00'),
(10, 17, '-0.02'),
(10, 18, '0.00'),
(10, 19, '0.75'),
(10, 20, '3.50'),
(11, 1, '125.00'),
(11, 2, '42.00'),
(11, 3, '250.56'),
(11, 4, '60.04'),
(11, 5, '598.56'),
(11, 6, '92.00'),
(11, 7, '3.00'),
(11, 8, '24.04'),
(11, 9, '0.45'),
(11, 10, '7.59'),
(11, 11, '0.00'),
(11, 12, '1.25'),
(11, 13, '7.26'),
(11, 14, '2.00'),
(11, 15, '32.10'),
(11, 16, '355.00'),
(11, 17, '-0.08'),
(11, 18, '0.00'),
(11, 19, '0.65'),
(11, 20, '3.00'),
(12, 1, '125.00'),
(12, 2, '38.00'),
(12, 3, '278.84'),
(12, 4, '61.11'),
(12, 5, '613.36'),
(12, 6, '102.00'),
(12, 7, '3.62'),
(12, 8, '24.38'),
(12, 9, '0.80'),
(12, 10, '8.68'),
(12, 11, '0.00'),
(12, 12, '1.25'),
(12, 13, '6.00'),
(12, 14, '2.13'),
(12, 15, '32.10'),
(12, 16, '330.00'),
(12, 17, '0.00'),
(12, 18, '0.00'),
(12, 19, '0.85'),
(12, 20, '3.50'),
(13, 1, '550.00'),
(13, 2, '55.00'),
(13, 3, '342.40'),
(13, 4, '55.04'),
(13, 5, '558.48'),
(13, 6, '86.00'),
(13, 7, '3.00'),
(13, 8, '21.55'),
(13, 9, '1.00'),
(13, 10, '5.27'),
(13, 11, '0.00'),
(13, 12, '0.00'),
(13, 13, '5.00'),
(13, 14, '2.11'),
(13, 15, '30.00'),
(13, 16, '340.00'),
(13, 17, '0.00'),
(13, 18, '0.00'),
(13, 19, '0.55'),
(13, 20, '3.00'),
(14, 1, '150.00'),
(14, 2, '45.00'),
(14, 3, '275.60'),
(14, 4, '59.72'),
(14, 5, '542.64'),
(14, 6, '73.00'),
(14, 7, '4.00'),
(14, 8, '23.04'),
(14, 9, '0.60'),
(14, 10, '10.18'),
(14, 11, '0.00'),
(14, 12, '1.25'),
(14, 13, '8.01'),
(14, 14, '1.30'),
(14, 15, '32.10'),
(14, 16, '345.00'),
(14, 17, '-0.08'),
(14, 18, '0.00'),
(14, 19, '0.80'),
(14, 20, '3.00'),
(15, 1, '500.00'),
(15, 2, '50.00'),
(15, 3, '284.00'),
(15, 4, '52.04'),
(15, 5, '515.76'),
(15, 6, '82.00'),
(15, 7, '3.00'),
(15, 8, '22.21'),
(15, 9, '0.90'),
(15, 10, '5.17'),
(15, 11, '0.00'),
(15, 12, '0.00'),
(15, 13, '8.01'),
(15, 14, '1.60'),
(15, 15, '30.00'),
(15, 16, '335.00'),
(15, 17, '-0.05'),
(15, 18, '0.00'),
(15, 19, '0.55'),
(15, 20, '3.25'),
(16, 1, '550.00'),
(16, 2, '60.00'),
(16, 3, '350.80'),
(16, 4, '50.04'),
(16, 5, '529.04'),
(16, 6, '78.00'),
(16, 7, '3.00'),
(16, 8, '23.38'),
(16, 9, '0.40'),
(16, 10, '2.50'),
(16, 11, '0.00'),
(16, 12, '0.00'),
(16, 13, '9.00'),
(16, 14, '2.14'),
(16, 15, '30.00'),
(16, 16, '325.00'),
(16, 17, '0.00'),
(16, 18, '0.00'),
(16, 19, '0.50'),
(16, 20, '3.80'),
(17, 1, '500.00'),
(17, 2, '40.00'),
(17, 3, '267.20'),
(17, 4, '47.54'),
(17, 5, '515.76'),
(17, 6, '82.00'),
(17, 7, '3.00'),
(17, 8, '24.30'),
(17, 9, '0.45'),
(17, 10, '5.74'),
(17, 11, '0.00'),
(17, 12, '0.00'),
(17, 13, '7.21'),
(17, 14, '3.38'),
(17, 15, '30.00'),
(17, 16, '330.00'),
(17, 17, '-0.09'),
(17, 18, '0.00'),
(17, 19, '0.65'),
(17, 20, '3.75'),
(18, 1, '550.00'),
(18, 2, '32.00'),
(18, 3, '246.76'),
(18, 4, '51.54'),
(18, 5, '542.76'),
(18, 6, '82.00'),
(18, 7, '3.00'),
(18, 8, '22.00'),
(18, 9, '0.45'),
(18, 10, '6.19'),
(18, 11, '0.00'),
(18, 12, '0.00'),
(18, 13, '7.21'),
(18, 14, '1.50'),
(18, 15, '30.00'),
(18, 16, '325.00'),
(18, 17, '-0.05'),
(18, 18, '0.00'),
(18, 19, '0.65'),
(18, 20, '3.00'),
(19, 1, '125.00'),
(19, 2, '30.00'),
(19, 3, '240.40'),
(19, 4, '62.43'),
(19, 5, '592.64'),
(19, 6, '98.00'),
(19, 7, '3.38'),
(19, 8, '25.88'),
(19, 9, '0.60'),
(19, 10, '8.39'),
(19, 11, '0.00'),
(19, 12, '1.25'),
(19, 13, '8.11'),
(19, 14, '2.88'),
(19, 15, '32.10'),
(19, 16, '345.00'),
(19, 17, '-0.08'),
(19, 18, '0.00'),
(19, 19, '0.80'),
(19, 20, '3.50'),
(20, 1, '125.00'),
(20, 2, '42.00'),
(20, 3, '283.56'),
(20, 4, '56.86'),
(20, 5, '598.28'),
(20, 6, '90.00'),
(20, 7, '3.45'),
(20, 8, '26.38'),
(20, 9, '0.50'),
(20, 10, '8.39'),
(20, 11, '0.00'),
(20, 12, '1.25'),
(20, 13, '7.44'),
(20, 14, '2.25'),
(20, 15, '32.10'),
(20, 16, '350.00'),
(20, 17, '0.00'),
(20, 18, '0.00'),
(20, 19, '0.80'),
(20, 20, '3.50'),
(21, 1, '550.00'),
(21, 2, '38.00'),
(21, 3, '275.84'),
(21, 4, '49.54'),
(21, 5, '577.80'),
(21, 6, '85.00'),
(21, 7, '3.00'),
(21, 8, '24.04'),
(21, 9, '0.65'),
(21, 10, '6.19'),
(21, 11, '0.00'),
(21, 12, '0.00'),
(21, 13, '8.04'),
(21, 14, '3.01'),
(21, 15, '30.00'),
(21, 16, '325.00'),
(21, 17, '-0.05'),
(21, 18, '0.00'),
(21, 19, '0.65'),
(21, 20, '3.00'),
(22, 1, '600.00'),
(22, 2, '35.00'),
(22, 3, '231.80'),
(22, 4, '51.09'),
(22, 5, '527.72'),
(22, 6, '79.00'),
(22, 7, '2.85'),
(22, 8, '21.21'),
(22, 9, '0.40'),
(22, 10, '5.42'),
(22, 11, '0.00'),
(22, 12, '0.00'),
(22, 13, '6.97'),
(22, 14, '3.33'),
(22, 15, '30.00'),
(22, 16, '325.00'),
(22, 17, '-0.05'),
(22, 18, '0.00'),
(22, 19, '0.55'),
(22, 20, '3.40'),
(23, 1, '125.00'),
(23, 2, '0.00'),
(23, 3, '100.00'),
(23, 4, '61.38'),
(23, 5, '625.64'),
(23, 6, '98.00'),
(23, 7, '3.20'),
(23, 8, '24.11'),
(23, 9, '0.00'),
(23, 10, '8.51'),
(23, 11, '0.00'),
(23, 12, '1.25'),
(23, 13, '0.00'),
(23, 14, '2.90'),
(23, 15, '32.10'),
(23, 16, '345.00'),
(23, 17, '-0.07'),
(23, 18, '0.00'),
(23, 19, '0.90'),
(23, 20, '3.10'),
(24, 1, '125.00'),
(24, 2, '35.00'),
(24, 3, '288.80'),
(24, 4, '61.97'),
(24, 5, '592.80'),
(24, 6, '85.00'),
(24, 7, '3.38'),
(24, 8, '27.04'),
(24, 9, '0.70'),
(24, 10, '8.37'),
(24, 11, '0.00'),
(24, 12, '1.25'),
(24, 13, '7.58'),
(24, 14, '3.40'),
(24, 15, '32.10'),
(24, 16, '350.00'),
(24, 17, '-0.02'),
(24, 18, '0.00'),
(24, 19, '0.55'),
(24, 20, '3.00'),
(25, 1, '450.00'),
(25, 2, '60.00'),
(25, 3, '340.80'),
(25, 4, '55.46'),
(25, 5, '547.48'),
(25, 6, '86.00'),
(25, 7, '3.50'),
(25, 8, '25.38'),
(25, 9, '0.80'),
(25, 10, '5.71'),
(25, 11, '0.00'),
(25, 12, '0.00'),
(25, 13, '6.00'),
(25, 14, '1.53'),
(25, 15, '30.00'),
(25, 16, '335.00'),
(25, 17, '0.00'),
(25, 18, '0.00'),
(25, 19, '0.60'),
(25, 20, '3.80'),
(26, 1, '550.00'),
(26, 2, '60.00'),
(26, 3, '360.80'),
(26, 4, '51.64'),
(26, 5, '499.28'),
(26, 6, '77.00'),
(26, 7, '3.00'),
(26, 8, '19.13'),
(26, 9, '0.80'),
(26, 10, '5.44'),
(26, 11, '0.00'),
(26, 12, '0.00'),
(26, 13, '6.00'),
(26, 14, '2.13'),
(26, 15, '30.00'),
(26, 16, '335.00'),
(26, 17, '0.00'),
(26, 18, '0.00'),
(26, 19, '0.50'),
(26, 20, '3.80'),
(27, 1, '125.00'),
(27, 2, '45.00'),
(27, 3, '290.60'),
(27, 4, '62.32'),
(27, 5, '542.76'),
(27, 6, '82.00'),
(27, 7, '3.38'),
(27, 8, '27.88'),
(27, 9, '0.55'),
(27, 10, '8.02'),
(27, 11, '0.00'),
(27, 12, '1.25'),
(27, 13, '7.52'),
(27, 14, '1.81'),
(27, 15, '32.10'),
(27, 16, '345.00'),
(27, 17, '0.02'),
(27, 18, '0.00'),
(27, 19, '0.55'),
(27, 20, '3.50'),
(28, 1, '125.00'),
(28, 2, '45.00'),
(28, 3, '265.60'),
(28, 4, '53.88'),
(28, 5, '531.20'),
(28, 6, '90.00'),
(28, 7, '3.50'),
(28, 8, '26.50'),
(28, 9, '0.60'),
(28, 10, '9.82'),
(28, 11, '0.00'),
(28, 12, '1.25'),
(28, 13, '8.11'),
(28, 14, '3.60'),
(28, 15, '32.10'),
(28, 16, '340.00'),
(28, 17, '0.00'),
(28, 18, '0.00'),
(28, 19, '0.55'),
(28, 20, '3.80'),
(29, 1, '550.00'),
(29, 2, '40.00'),
(29, 3, '287.20'),
(29, 4, '49.04'),
(29, 5, '525.08'),
(29, 6, '81.00'),
(29, 7, '3.00'),
(29, 8, '23.04'),
(29, 9, '0.45'),
(29, 10, '6.01'),
(29, 11, '0.00'),
(29, 12, '0.00'),
(29, 13, '7.26'),
(29, 14, '3.38'),
(29, 15, '30.00'),
(29, 16, '330.00'),
(29, 17, '-0.08'),
(29, 18, '0.00'),
(29, 19, '0.60'),
(29, 20, '3.00'),
(30, 1, '450.00'),
(30, 2, '61.00'),
(30, 3, '372.48'),
(30, 4, '45.66'),
(30, 5, '516.00'),
(30, 6, '75.00'),
(30, 7, '3.25'),
(30, 8, '20.88'),
(30, 9, '0.80'),
(30, 10, '6.42'),
(30, 11, '0.00'),
(30, 12, '0.00'),
(30, 13, '6.00'),
(30, 14, '2.11'),
(30, 15, '30.00'),
(30, 16, '335.00'),
(30, 17, '0.00'),
(30, 18, '0.00'),
(30, 19, '0.55'),
(30, 20, '3.50'),
(31, 1, '125.00'),
(31, 2, '40.00'),
(31, 3, '272.20'),
(31, 4, '61.16'),
(31, 5, '574.40'),
(31, 6, '80.00'),
(31, 7, '4.20'),
(31, 8, '28.88'),
(31, 9, '0.45'),
(31, 10, '8.93'),
(31, 11, '0.00'),
(31, 12, '1.25'),
(31, 13, '7.21'),
(31, 14, '1.44'),
(31, 15, '32.10'),
(31, 16, '345.00'),
(31, 17, '0.00'),
(31, 18, '0.00'),
(31, 19, '0.85'),
(31, 20, '3.50'),
(32, 1, '125.00'),
(32, 2, '40.00'),
(32, 3, '287.20'),
(32, 4, '53.38'),
(32, 5, '613.12'),
(32, 6, '84.00'),
(32, 7, '3.80'),
(32, 8, '23.54'),
(32, 9, '0.53'),
(32, 10, '8.88'),
(32, 11, '0.00'),
(32, 12, '1.25'),
(32, 13, '7.38'),
(32, 14, '2.18'),
(32, 15, '32.10'),
(32, 16, '335.00'),
(32, 17, '-0.02'),
(32, 18, '0.00'),
(32, 19, '0.85'),
(32, 20, '3.30'),
(33, 1, '125.00'),
(33, 2, '33.00'),
(33, 3, '310.44'),
(33, 4, '55.88'),
(33, 5, '564.48'),
(33, 6, '86.00'),
(33, 7, '3.50'),
(33, 8, '31.38'),
(33, 9, '0.50'),
(33, 10, '7.92'),
(33, 11, '0.00'),
(33, 12, '1.25'),
(33, 13, '7.84'),
(33, 14, '2.22'),
(33, 15, '32.10'),
(33, 16, '335.00'),
(33, 17, '0.00'),
(33, 18, '0.00'),
(33, 19, '0.55'),
(33, 20, '3.80'),
(34, 1, '600.00'),
(34, 2, '53.00'),
(34, 3, '346.04'),
(34, 4, '51.38'),
(34, 5, '467.60'),
(34, 6, '70.00'),
(34, 7, '3.20'),
(34, 8, '21.22'),
(34, 9, '0.80'),
(34, 10, '5.57'),
(34, 11, '0.00'),
(34, 12, '0.00'),
(34, 13, '6.00'),
(34, 14, '1.68'),
(34, 15, '30.00'),
(34, 16, '325.00'),
(34, 17, '0.00'),
(34, 18, '0.00'),
(34, 19, '0.55'),
(34, 20, '4.00'),
(35, 1, '125.00'),
(35, 2, '40.00'),
(35, 3, '297.20'),
(35, 4, '57.58'),
(35, 5, '582.12'),
(35, 6, '84.00'),
(35, 7, '3.50'),
(35, 8, '24.88'),
(35, 9, '0.45'),
(35, 10, '8.37'),
(35, 11, '0.00'),
(35, 12, '1.25'),
(35, 13, '7.16'),
(35, 14, '3.00'),
(35, 15, '32.10'),
(35, 16, '350.00'),
(35, 17, '-0.10'),
(35, 18, '0.00'),
(35, 19, '0.55'),
(35, 20, '3.50'),
(36, 1, '125.00'),
(36, 2, '0.00'),
(36, 3, '0.00'),
(36, 4, '61.27'),
(36, 5, '582.52'),
(36, 6, '89.00'),
(36, 7, '3.00'),
(36, 8, '26.88'),
(36, 9, '0.00'),
(36, 10, '7.76'),
(36, 11, '0.00'),
(36, 12, '1.25'),
(36, 13, '0.00'),
(36, 14, '2.80'),
(36, 15, '32.10'),
(36, 16, '345.00'),
(36, 17, '0.00'),
(36, 18, '0.00'),
(36, 19, '0.75'),
(36, 20, '3.50'),
(37, 1, '550.00'),
(37, 2, '45.00'),
(37, 3, '340.60'),
(37, 4, '50.04'),
(37, 5, '482.36'),
(37, 6, '77.00'),
(37, 7, '3.00'),
(37, 8, '20.54'),
(37, 9, '0.40'),
(37, 10, '5.42'),
(37, 11, '0.00'),
(37, 12, '0.00'),
(37, 13, '9.00'),
(37, 14, '2.30'),
(37, 15, '30.00'),
(37, 16, '325.00'),
(37, 17, '-0.03'),
(37, 18, '0.00'),
(37, 19, '0.55'),
(37, 20, '3.30'),
(38, 1, '150.00'),
(38, 2, '70.00'),
(38, 3, '347.60'),
(38, 4, '58.85'),
(38, 5, '564.04'),
(38, 6, '78.00'),
(38, 7, '3.90'),
(38, 8, '23.38'),
(38, 9, '0.80'),
(38, 10, '7.79'),
(38, 11, '0.00'),
(38, 12, '0.00'),
(38, 13, '6.00'),
(38, 14, '3.70'),
(38, 15, '30.00'),
(38, 16, '340.00'),
(38, 17, '-0.02'),
(38, 18, '0.00'),
(38, 19, '0.50'),
(38, 20, '3.20'),
(39, 1, '125.00'),
(39, 2, '35.00'),
(39, 3, '288.80'),
(39, 4, '61.54'),
(39, 5, '607.20'),
(39, 6, '90.00'),
(39, 7, '3.30'),
(39, 8, '25.30'),
(39, 9, '0.65'),
(39, 10, '8.59'),
(39, 11, '0.00'),
(39, 12, '1.25'),
(39, 13, '8.09'),
(39, 14, '3.20'),
(39, 15, '32.10'),
(39, 16, '345.00'),
(39, 17, '-0.06'),
(39, 18, '0.00'),
(39, 19, '0.65'),
(39, 20, '3.75'),
(40, 1, '475.00'),
(40, 2, '64.00'),
(40, 3, '409.52'),
(40, 4, '51.96'),
(40, 5, '487.04'),
(40, 6, '78.00'),
(40, 7, '2.95'),
(40, 8, '19.38'),
(40, 9, '0.40'),
(40, 10, '5.42'),
(40, 11, '0.00'),
(40, 12, '0.00'),
(40, 13, '9.00'),
(40, 14, '2.61'),
(40, 15, '30.00'),
(40, 16, '335.00'),
(40, 17, '0.00'),
(40, 18, '0.00'),
(40, 19, '0.55'),
(40, 20, '3.80'),
(41, 1, '125.00'),
(41, 2, '40.00'),
(41, 3, '282.00'),
(41, 4, '56.00'),
(41, 5, '631.08'),
(41, 6, '79.00'),
(41, 7, '3.00'),
(41, 8, '26.00'),
(41, 9, '0.70'),
(41, 10, '6.00'),
(41, 11, '0.00'),
(41, 12, '1.25'),
(41, 13, '7.50'),
(41, 14, '3.20'),
(41, 15, '32.10'),
(41, 16, '345.00'),
(41, 17, '0.00'),
(41, 18, '0.00'),
(41, 19, '0.60'),
(41, 20, '3.00'),
(42, 1, '550.00'),
(42, 2, '37.00'),
(42, 3, '305.16'),
(42, 4, '51.24'),
(42, 5, '512.76'),
(42, 6, '82.00'),
(42, 7, '3.00'),
(42, 8, '23.38'),
(42, 9, '0.55'),
(42, 10, '5.42'),
(42, 11, '0.00'),
(42, 12, '0.00'),
(42, 13, '7.42'),
(42, 14, '2.30'),
(42, 15, '30.00'),
(42, 16, '325.00'),
(42, 17, '0.00'),
(42, 18, '0.00'),
(42, 19, '0.55'),
(42, 20, '3.50'),
(43, 1, '525.00'),
(43, 2, '50.00'),
(43, 3, '374.00'),
(43, 4, '53.54'),
(43, 5, '522.44'),
(43, 6, '83.00'),
(43, 7, '3.30'),
(43, 8, '20.38'),
(43, 9, '0.80'),
(43, 10, '5.62'),
(43, 11, '0.00'),
(43, 12, '0.00'),
(43, 13, '6.00'),
(43, 14, '2.30'),
(43, 15, '30.00'),
(43, 16, '335.00'),
(43, 17, '0.00'),
(43, 18, '0.00'),
(43, 19, '0.55'),
(43, 20, '3.80'),
(44, 1, '125.00'),
(44, 2, '56.00'),
(44, 3, '349.08'),
(44, 4, '57.88'),
(44, 5, '619.20'),
(44, 6, '90.00'),
(44, 7, '3.50'),
(44, 8, '25.88'),
(44, 9, '0.80'),
(44, 10, '7.94'),
(44, 11, '0.00'),
(44, 12, '1.25'),
(44, 13, '6.00'),
(44, 14, '2.02'),
(44, 15, '32.10'),
(44, 16, '340.00'),
(44, 17, '0.00'),
(44, 18, '0.00'),
(44, 19, '0.50'),
(44, 20, '3.20'),
(45, 1, '525.00'),
(45, 2, '55.00'),
(45, 3, '342.40'),
(45, 4, '50.71'),
(45, 5, '492.76'),
(45, 6, '82.00'),
(45, 7, '2.63'),
(45, 8, '22.55'),
(45, 9, '0.80'),
(45, 10, '5.42'),
(45, 11, '0.00'),
(45, 12, '0.00'),
(45, 13, '6.00'),
(45, 14, '2.24'),
(45, 15, '30.00'),
(45, 16, '340.00'),
(45, 17, '0.00'),
(45, 18, '0.00'),
(45, 19, '0.55'),
(45, 20, '3.75'),
(48, 1, '125.00'),
(48, 2, '45.00'),
(48, 3, '281.60'),
(48, 4, '60.04'),
(48, 5, '616.28'),
(48, 6, '96.00'),
(48, 7, '3.00'),
(48, 8, '27.54'),
(48, 9, '0.60'),
(48, 10, '9.43'),
(48, 11, '0.00'),
(48, 12, '1.25'),
(48, 13, '7.51'),
(48, 14, '2.90'),
(48, 15, '32.10'),
(48, 16, '350.00'),
(48, 17, '-0.07'),
(48, 18, '0.00'),
(48, 19, '0.85'),
(48, 20, '2.70'),
(50, 1, '500.00'),
(50, 2, '50.00'),
(50, 3, '324.00'),
(50, 4, '52.04'),
(50, 5, '516.04'),
(50, 6, '78.00'),
(50, 7, '3.00'),
(50, 8, '22.72'),
(50, 9, '0.80'),
(50, 10, '7.84'),
(50, 11, '0.00'),
(50, 12, '0.00'),
(50, 13, '6.00'),
(50, 14, '2.11'),
(50, 15, '30.00'),
(50, 16, '335.00'),
(50, 17, '0.00'),
(50, 18, '0.00'),
(50, 19, '0.65'),
(50, 20, '4.00'),
(51, 1, '650.00'),
(51, 2, '35.00'),
(51, 3, '313.80'),
(51, 4, '50.04'),
(51, 5, '524.40'),
(51, 6, '80.00'),
(51, 7, '3.00'),
(51, 8, '22.88'),
(51, 9, '0.55'),
(51, 10, '5.67'),
(51, 11, '0.00'),
(51, 12, '0.00'),
(51, 13, '7.42'),
(51, 14, '4.00'),
(51, 15, '30.00'),
(51, 16, '325.00'),
(51, 17, '0.00'),
(51, 18, '0.00'),
(51, 19, '0.55'),
(51, 20, '3.50'),
(53, 1, '125.00'),
(53, 2, '40.00'),
(53, 3, '267.20'),
(53, 4, '61.54'),
(53, 5, '582.60'),
(53, 6, '95.00'),
(53, 7, '3.50'),
(53, 8, '24.38'),
(53, 9, '0.80'),
(53, 10, '8.51'),
(53, 11, '0.00'),
(53, 12, '1.25'),
(53, 13, '6.00'),
(53, 14, '1.13'),
(53, 15, '32.10'),
(53, 16, '325.00'),
(53, 17, '0.00'),
(53, 18, '0.00'),
(53, 19, '0.75'),
(53, 20, '3.50'),
(54, 1, '125.00'),
(54, 2, '40.00'),
(54, 3, '282.20'),
(54, 4, '61.97'),
(54, 5, '574.20'),
(54, 6, '90.00'),
(54, 7, '3.38'),
(54, 8, '28.30'),
(54, 9, '0.55'),
(54, 10, '8.37'),
(54, 11, '0.00'),
(54, 12, '1.25'),
(54, 13, '7.32'),
(54, 14, '3.40'),
(54, 15, '32.10'),
(54, 16, '335.00'),
(54, 17, '-0.02'),
(54, 18, '0.00'),
(54, 19, '0.55'),
(54, 20, '3.75'),
(55, 1, '125.00'),
(55, 2, '0.00'),
(55, 3, '0.00'),
(55, 4, '58.00'),
(55, 5, '510.00'),
(55, 6, '83.00'),
(55, 7, '3.20'),
(55, 8, '26.88'),
(55, 9, '0.00'),
(55, 10, '4.50'),
(55, 11, '0.00'),
(55, 12, '1.25'),
(55, 13, '0.00'),
(55, 14, '2.74'),
(55, 15, '32.10'),
(55, 16, '345.00'),
(55, 17, '-0.05'),
(55, 18, '0.00'),
(55, 19, '0.55'),
(55, 20, '3.50'),
(56, 1, '125.00'),
(56, 2, '35.00'),
(56, 3, '273.80'),
(56, 4, '59.21'),
(56, 5, '582.80'),
(56, 6, '85.00'),
(56, 7, '3.10'),
(56, 8, '26.88'),
(56, 9, '0.45'),
(56, 10, '8.26'),
(56, 11, '0.00'),
(56, 12, '1.25'),
(56, 13, '6.76'),
(56, 14, '2.70'),
(56, 15, '32.10'),
(56, 16, '345.00'),
(56, 17, '-0.07'),
(56, 18, '0.00'),
(56, 19, '0.75'),
(56, 20, '3.50'),
(57, 1, '125.00'),
(57, 2, '46.00'),
(57, 3, '327.28'),
(57, 4, '63.54'),
(57, 5, '572.20'),
(57, 6, '90.00'),
(57, 7, '3.30'),
(57, 8, '28.72'),
(57, 9, '0.45'),
(57, 10, '8.68'),
(57, 11, '0.00'),
(57, 12, '0.00'),
(57, 13, '7.21'),
(57, 14, '2.13'),
(57, 15, '30.00'),
(57, 16, '335.00'),
(57, 17, '-0.10'),
(57, 18, '0.00'),
(57, 19, '0.85'),
(57, 20, '4.00'),
(58, 1, '125.00'),
(58, 2, '0.00'),
(58, 3, '100.00'),
(58, 4, '58.33'),
(58, 5, '572.16'),
(58, 6, '87.00'),
(58, 7, '3.10'),
(58, 8, '25.58'),
(58, 9, '0.00'),
(58, 10, '7.96'),
(58, 11, '0.00'),
(58, 12, '1.25'),
(58, 13, '0.00'),
(58, 14, '2.65'),
(58, 15, '32.10'),
(58, 16, '345.00'),
(58, 17, '-0.06'),
(58, 18, '0.00'),
(58, 19, '0.75'),
(58, 20, '3.80'),
(59, 1, '175.00'),
(59, 2, '40.00'),
(59, 3, '302.20'),
(59, 4, '55.71'),
(59, 5, '571.20'),
(59, 6, '90.00'),
(59, 7, '3.40'),
(59, 8, '27.00'),
(59, 9, '0.45'),
(59, 10, '8.18'),
(59, 11, '0.00'),
(59, 12, '1.25'),
(59, 13, '6.76'),
(59, 14, '2.50'),
(59, 15, '32.10'),
(59, 16, '340.00'),
(59, 17, '-0.05'),
(59, 18, '0.00'),
(59, 19, '0.70'),
(59, 20, '3.60'),
(60, 1, '550.00'),
(60, 2, '50.00'),
(60, 3, '324.00'),
(60, 4, '50.54'),
(60, 5, '529.40'),
(60, 6, '80.00'),
(60, 7, '3.00'),
(60, 8, '22.13'),
(60, 9, '0.80'),
(60, 10, '5.71'),
(60, 11, '0.00'),
(60, 12, '0.00'),
(60, 13, '6.00'),
(60, 14, '1.75'),
(60, 15, '30.00'),
(60, 16, '330.00'),
(60, 17, '0.00'),
(60, 18, '0.00'),
(60, 19, '0.60'),
(60, 20, '3.35'),
(61, 1, '525.00'),
(61, 2, '50.00'),
(61, 3, '334.00'),
(61, 4, '40.37'),
(61, 5, '517.72'),
(61, 6, '79.00'),
(61, 7, '2.60'),
(61, 8, '17.04'),
(61, 9, '0.80'),
(61, 10, '6.87'),
(61, 11, '0.00'),
(61, 12, '0.00'),
(61, 13, '6.00'),
(61, 14, '3.50'),
(61, 15, '30.00'),
(61, 16, '325.00'),
(61, 17, '-0.05'),
(61, 18, '0.00'),
(61, 19, '0.55'),
(61, 20, '3.00'),
(62, 1, '175.00'),
(62, 2, '38.00'),
(62, 3, '265.84'),
(62, 4, '59.88'),
(62, 5, '577.80'),
(62, 6, '85.00'),
(62, 7, '3.20'),
(62, 8, '24.88'),
(62, 9, '0.65'),
(62, 10, '6.19'),
(62, 11, '0.00'),
(62, 12, '1.25'),
(62, 13, '8.04'),
(62, 14, '3.00'),
(62, 15, '32.10'),
(62, 16, '345.00'),
(62, 17, '-0.05'),
(62, 18, '0.00'),
(62, 19, '0.65'),
(62, 20, '3.50'),
(63, 1, '550.00'),
(63, 2, '45.00'),
(63, 3, '325.60'),
(63, 4, '57.04'),
(63, 5, '507.68'),
(63, 6, '76.00'),
(63, 7, '3.00'),
(63, 8, '21.88'),
(63, 9, '0.60'),
(63, 10, '5.42'),
(63, 11, '0.00'),
(63, 12, '0.00'),
(63, 13, '8.01'),
(63, 14, '1.36'),
(63, 15, '30.00'),
(63, 16, '340.00'),
(63, 17, '0.00'),
(63, 18, '0.00'),
(63, 19, '0.55'),
(63, 20, '3.50'),
(64, 1, '125.00'),
(64, 2, '0.00'),
(64, 3, '200.00'),
(64, 4, '61.18'),
(64, 5, '570.80'),
(64, 6, '85.00'),
(64, 7, '3.20'),
(64, 8, '24.22'),
(64, 9, '0.00'),
(64, 10, '7.43'),
(64, 11, '0.00'),
(64, 12, '1.25'),
(64, 13, '50.00'),
(64, 14, '3.00'),
(64, 15, '32.10'),
(64, 16, '350.00'),
(64, 17, '-0.04'),
(64, 18, '0.00'),
(64, 19, '0.70'),
(64, 20, '3.70'),
(67, 1, '550.00'),
(67, 2, '35.00'),
(67, 3, '231.80'),
(67, 4, '53.46'),
(67, 5, '498.44'),
(67, 6, '83.00'),
(67, 7, '3.25'),
(67, 8, '19.01'),
(67, 9, '0.40'),
(67, 10, '5.42'),
(67, 11, '0.00'),
(67, 12, '0.00'),
(67, 13, '6.97'),
(67, 14, '4.00'),
(67, 15, '30.00'),
(67, 16, '330.00'),
(67, 17, '-0.05'),
(67, 18, '0.00'),
(67, 19, '0.55'),
(67, 20, '3.40'),
(68, 1, '125.00'),
(68, 2, '0.00'),
(68, 3, '100.00'),
(68, 4, '61.04'),
(68, 5, '584.40'),
(68, 6, '80.00'),
(68, 7, '3.20'),
(68, 8, '25.88'),
(68, 9, '0.00'),
(68, 10, '8.01'),
(68, 11, '0.00'),
(68, 12, '1.25'),
(68, 13, '0.00'),
(68, 14, '1.85'),
(68, 15, '32.10'),
(68, 16, '345.00'),
(68, 17, '-0.03'),
(68, 18, '0.00'),
(68, 19, '0.60'),
(68, 20, '3.50'),
(69, 1, '550.00'),
(69, 2, '60.00'),
(69, 3, '370.80'),
(69, 4, '52.38'),
(69, 5, '506.00'),
(69, 6, '75.00'),
(69, 7, '3.20'),
(69, 8, '22.22'),
(69, 9, '0.75'),
(69, 10, '5.69'),
(69, 11, '0.00'),
(69, 12, '0.00'),
(69, 13, '8.36'),
(69, 14, '1.68'),
(69, 15, '30.00'),
(69, 16, '335.00'),
(69, 17, '-0.03'),
(69, 18, '0.00'),
(69, 19, '0.50'),
(69, 20, '4.00'),
(72, 1, '125.00'),
(72, 2, '40.00'),
(72, 3, '272.20'),
(72, 4, '61.16'),
(72, 5, '601.28'),
(72, 6, '96.00'),
(72, 7, '4.20'),
(72, 8, '29.38'),
(72, 9, '0.45'),
(72, 10, '8.93'),
(72, 11, '0.00'),
(72, 12, '1.25'),
(72, 13, '7.21'),
(72, 14, '2.10'),
(72, 15, '32.10'),
(72, 16, '345.00'),
(72, 17, '0.00'),
(72, 18, '0.00'),
(72, 19, '0.85'),
(72, 20, '3.80'),
(74, 1, '550.00'),
(74, 2, '40.00'),
(74, 3, '307.20'),
(74, 4, '55.54'),
(74, 5, '476.00'),
(74, 6, '75.00'),
(74, 7, '2.70'),
(74, 8, '19.04'),
(74, 9, '0.80'),
(74, 10, '11.01'),
(74, 11, '0.00'),
(74, 12, '0.00'),
(74, 13, '6.00'),
(74, 14, '1.36'),
(74, 15, '30.00'),
(74, 16, '340.00'),
(74, 17, '0.00'),
(74, 18, '0.00'),
(74, 19, '1.75'),
(74, 20, '3.00'),
(75, 1, '125.00'),
(75, 2, '45.00'),
(75, 3, '275.60'),
(75, 4, '59.18'),
(75, 5, '561.20'),
(75, 6, '90.00'),
(75, 7, '3.50'),
(75, 8, '24.88'),
(75, 9, '0.50'),
(75, 10, '9.01'),
(75, 11, '0.00'),
(75, 12, '1.25'),
(75, 13, '7.44'),
(75, 14, '3.48'),
(75, 15, '32.10'),
(75, 16, '350.00'),
(75, 17, '-0.02'),
(75, 18, '0.00'),
(75, 19, '0.90'),
(75, 20, '3.50'),
(76, 1, '525.00'),
(76, 2, '45.00'),
(76, 3, '295.60'),
(76, 4, '47.88'),
(76, 5, '511.20'),
(76, 6, '80.00'),
(76, 7, '3.50'),
(76, 8, '22.88'),
(76, 9, '0.80'),
(76, 10, '6.01'),
(76, 11, '0.00'),
(76, 12, '0.00'),
(76, 13, '6.00'),
(76, 14, '3.22'),
(76, 15, '30.00'),
(76, 16, '335.00'),
(76, 17, '-0.02'),
(76, 18, '0.00'),
(76, 19, '0.60'),
(76, 20, '3.50'),
(77, 1, '125.00'),
(77, 2, '30.00'),
(77, 3, '270.40'),
(77, 4, '58.29'),
(77, 5, '593.32'),
(77, 6, '99.00'),
(77, 7, '3.20'),
(77, 8, '25.47'),
(77, 9, '0.45'),
(77, 10, '8.71'),
(77, 11, '0.00'),
(77, 12, '1.25'),
(77, 13, '7.51'),
(77, 14, '2.67'),
(77, 15, '32.10'),
(77, 16, '345.00'),
(77, 17, '-0.05'),
(77, 18, '0.00'),
(77, 19, '0.75'),
(77, 20, '4.00'),
(78, 1, '125.00'),
(78, 2, '30.00'),
(78, 3, '235.40'),
(78, 4, '61.97'),
(78, 5, '559.08'),
(78, 6, '81.00'),
(78, 7, '3.38'),
(78, 8, '28.72'),
(78, 9, '0.45'),
(78, 10, '8.37'),
(78, 11, '0.00'),
(78, 12, '0.00'),
(78, 13, '7.16'),
(78, 14, '3.35'),
(78, 15, '30.00'),
(78, 16, '345.00'),
(78, 17, '-0.02'),
(78, 18, '0.00'),
(78, 19, '0.55'),
(78, 20, '4.00'),
(79, 1, '125.00'),
(79, 2, '47.00'),
(79, 3, '400.00'),
(79, 4, '61.38'),
(79, 5, '583.52'),
(79, 6, '89.00'),
(79, 7, '3.50'),
(79, 8, '26.05'),
(79, 9, '0.80'),
(79, 10, '5.50'),
(79, 11, '0.00'),
(79, 12, '1.25'),
(79, 13, '6.00'),
(79, 14, '2.05'),
(79, 15, '32.10'),
(79, 16, '330.00'),
(79, 17, '-0.04'),
(79, 18, '0.00'),
(79, 19, '0.50'),
(79, 20, '3.60'),
(80, 1, '150.00'),
(80, 2, '34.00'),
(80, 3, '267.12'),
(80, 4, '55.57'),
(80, 5, '579.16'),
(80, 6, '87.00'),
(80, 7, '2.90'),
(80, 8, '27.65'),
(80, 9, '0.45'),
(80, 10, '7.84'),
(80, 11, '0.00'),
(80, 12, '1.25'),
(80, 13, '7.36'),
(80, 14, '2.95'),
(80, 15, '32.10'),
(80, 16, '355.00'),
(80, 17, '0.00'),
(80, 18, '0.00'),
(80, 19, '0.65'),
(80, 20, '3.90'),
(81, 1, '550.00'),
(81, 2, '45.00'),
(81, 3, '310.60'),
(81, 4, '50.24'),
(81, 5, '484.40'),
(81, 6, '80.00'),
(81, 7, '3.00'),
(81, 8, '21.88'),
(81, 9, '0.65'),
(81, 10, '6.42'),
(81, 11, '0.00'),
(81, 12, '0.00'),
(81, 13, '8.09'),
(81, 14, '2.80'),
(81, 15, '30.00'),
(81, 16, '325.00'),
(81, 17, '0.00'),
(81, 18, '0.00'),
(81, 19, '0.55'),
(81, 20, '3.50'),
(82, 1, '125.00'),
(82, 2, '0.00'),
(82, 3, '120.00'),
(82, 4, '57.58'),
(82, 5, '555.40'),
(82, 6, '80.00'),
(82, 7, '3.50'),
(82, 8, '24.88'),
(82, 9, '0.00'),
(82, 10, '3.37'),
(82, 11, '0.00'),
(82, 12, '1.25'),
(82, 13, '0.00'),
(82, 14, '3.00'),
(82, 15, '32.10'),
(82, 16, '340.00'),
(82, 17, '-0.10'),
(82, 18, '0.00'),
(82, 19, '0.55'),
(82, 20, '3.50'),
(83, 1, '125.00'),
(83, 2, '35.00'),
(83, 3, '293.80'),
(83, 4, '57.58'),
(83, 5, '563.80'),
(83, 6, '85.00'),
(83, 7, '3.50'),
(83, 8, '25.05'),
(83, 9, '0.45'),
(83, 10, '8.18'),
(83, 11, '0.00'),
(83, 12, '1.25'),
(83, 13, '6.76'),
(83, 14, '3.00'),
(83, 15, '32.10'),
(83, 16, '345.00'),
(83, 17, '0.00'),
(83, 18, '0.00'),
(83, 19, '0.70'),
(83, 20, '3.60'),
(84, 1, '125.00'),
(84, 2, '0.00'),
(84, 3, '200.00'),
(84, 4, '58.38'),
(84, 5, '587.80'),
(84, 6, '85.00'),
(84, 7, '3.20'),
(84, 8, '26.38'),
(84, 9, '0.00'),
(84, 10, '8.34'),
(84, 11, '0.00'),
(84, 12, '1.25'),
(84, 13, '50.00'),
(84, 14, '3.10'),
(84, 15, '32.10'),
(84, 16, '350.00'),
(84, 17, '-0.10'),
(84, 18, '0.00'),
(84, 19, '0.65'),
(84, 20, '3.50'),
(85, 1, '550.00'),
(85, 2, '0.00'),
(85, 3, '200.00'),
(85, 4, '50.54'),
(85, 5, '535.72'),
(85, 6, '79.00'),
(85, 7, '3.30'),
(85, 8, '24.30'),
(85, 9, '0.00'),
(85, 10, '5.59'),
(85, 11, '0.00'),
(85, 12, '0.00'),
(85, 13, '50.00'),
(85, 14, '3.40'),
(85, 15, '30.00'),
(85, 16, '335.00'),
(85, 17, '-0.09'),
(85, 18, '0.00'),
(85, 19, '0.65'),
(85, 20, '3.75'),
(86, 1, '125.00'),
(86, 2, '0.00'),
(86, 3, '0.00'),
(86, 4, '57.88'),
(86, 5, '616.28'),
(86, 6, '96.00'),
(86, 7, '3.50'),
(86, 8, '27.54'),
(86, 9, '0.00'),
(86, 10, '7.84'),
(86, 11, '0.00'),
(86, 12, '1.25'),
(86, 13, '0.00'),
(86, 14, '2.90'),
(86, 15, '32.10'),
(86, 16, '345.00'),
(86, 17, '0.00'),
(86, 18, '0.00'),
(86, 19, '0.50'),
(86, 20, '2.70'),
(89, 1, '125.00'),
(89, 2, '40.00'),
(89, 3, '302.20'),
(89, 4, '60.04'),
(89, 5, '576.16'),
(89, 6, '87.00'),
(89, 7, '3.00'),
(89, 8, '27.21'),
(89, 9, '0.80'),
(89, 10, '8.43'),
(89, 11, '0.00'),
(89, 12, '1.25'),
(89, 13, '6.00'),
(89, 14, '2.90'),
(89, 15, '32.10'),
(89, 16, '335.00'),
(89, 17, '0.00'),
(89, 18, '0.00'),
(89, 19, '0.85'),
(89, 20, '3.10'),
(90, 1, '550.00'),
(90, 2, '45.00'),
(90, 3, '325.60'),
(90, 4, '54.70'),
(90, 5, '514.40'),
(90, 6, '80.00'),
(90, 7, '3.00'),
(90, 8, '21.88'),
(90, 9, '0.80'),
(90, 10, '5.42'),
(90, 11, '0.00'),
(90, 12, '0.00'),
(90, 13, '6.00'),
(90, 14, '1.36'),
(90, 15, '30.00'),
(90, 16, '340.00'),
(90, 17, '0.00'),
(90, 18, '0.00'),
(90, 19, '0.55'),
(90, 20, '3.50'),
(91, 1, '125.00'),
(91, 2, '40.00'),
(91, 3, '327.20'),
(91, 4, '55.21'),
(91, 5, '582.80'),
(91, 6, '85.00'),
(91, 7, '3.10'),
(91, 8, '26.88'),
(91, 9, '0.50'),
(91, 10, '8.51'),
(91, 11, '0.00'),
(91, 12, '1.25'),
(91, 13, '7.59'),
(91, 14, '2.70'),
(91, 15, '32.10'),
(91, 16, '350.00'),
(91, 17, '-0.07'),
(91, 18, '0.00'),
(91, 19, '0.75'),
(91, 20, '3.50'),
(92, 1, '125.00'),
(92, 2, '0.00'),
(92, 3, '0.00'),
(92, 4, '56.04'),
(92, 5, '558.48'),
(92, 6, '86.00'),
(92, 7, '3.00'),
(92, 8, '24.38'),
(92, 9, '0.00'),
(92, 10, '3.34'),
(92, 11, '0.00'),
(92, 12, '1.25'),
(92, 13, '0.00'),
(92, 14, '3.50'),
(92, 15, '32.10'),
(92, 16, '340.00'),
(92, 17, '0.00'),
(92, 18, '0.00'),
(92, 19, '0.50'),
(92, 20, '3.20'),
(96, 1, '500.00'),
(96, 2, '40.00'),
(96, 3, '322.20'),
(96, 4, '49.04'),
(96, 5, '546.16'),
(96, 6, '87.00'),
(96, 7, '3.00'),
(96, 8, '19.88'),
(96, 9, '0.70'),
(96, 10, '5.92'),
(96, 11, '0.00'),
(96, 12, '0.00'),
(96, 13, '8.68'),
(96, 14, '2.65'),
(96, 15, '30.00'),
(96, 16, '325.00'),
(96, 17, '-0.06'),
(96, 18, '0.00'),
(96, 19, '0.55'),
(96, 20, '3.50'),
(98, 1, '125.00'),
(98, 2, '0.00'),
(98, 3, '200.00'),
(98, 4, '60.17'),
(98, 5, '570.80'),
(98, 6, '85.00'),
(98, 7, '3.38'),
(98, 8, '25.72'),
(98, 9, '0.00'),
(98, 10, '8.37'),
(98, 11, '0.00'),
(98, 12, '1.25'),
(98, 13, '50.00'),
(98, 14, '3.40'),
(98, 15, '32.10'),
(98, 16, '335.00'),
(98, 17, '-0.04'),
(98, 18, '0.00'),
(98, 19, '0.55'),
(98, 20, '4.00'),
(99, 1, '550.00'),
(99, 2, '50.00'),
(99, 3, '334.00'),
(99, 4, '53.54'),
(99, 5, '477.72'),
(99, 6, '79.00'),
(99, 7, '3.30'),
(99, 8, '18.72'),
(99, 9, '0.80'),
(99, 10, '5.42'),
(99, 11, '0.00'),
(99, 12, '0.00'),
(99, 13, '6.00'),
(99, 14, '1.36'),
(99, 15, '30.00'),
(99, 16, '330.00'),
(99, 17, '0.00'),
(99, 18, '0.00'),
(99, 19, '0.55'),
(99, 20, '4.00'),
(101, 1, '525.00'),
(101, 2, '47.00'),
(101, 3, '316.96'),
(101, 4, '54.70'),
(101, 5, '514.40'),
(101, 6, '80.00'),
(101, 7, '3.00'),
(101, 8, '21.88'),
(101, 9, '0.80'),
(101, 10, '5.42'),
(101, 11, '0.00'),
(101, 12, '0.00'),
(101, 13, '6.00'),
(101, 14, '1.36'),
(101, 15, '30.00'),
(101, 16, '340.00'),
(101, 17, '0.00'),
(101, 18, '0.00'),
(101, 19, '0.55'),
(101, 20, '3.50'),
(102, 1, '125.00'),
(102, 2, '0.00'),
(102, 3, '100.00'),
(102, 4, '60.71'),
(102, 5, '594.60'),
(102, 6, '95.00'),
(102, 7, '3.40'),
(102, 8, '27.63'),
(102, 9, '0.00'),
(102, 10, '8.59'),
(102, 11, '0.00'),
(102, 12, '1.25'),
(102, 13, '0.00'),
(102, 14, '2.50'),
(102, 15, '32.10'),
(102, 16, '350.00'),
(102, 17, '-0.05'),
(102, 18, '0.00'),
(102, 19, '0.80'),
(102, 20, '3.35'),
(103, 1, '550.00'),
(103, 2, '50.00'),
(103, 3, '334.00'),
(103, 4, '53.04'),
(103, 5, '514.40'),
(103, 6, '80.00'),
(103, 7, '3.00'),
(103, 8, '20.88'),
(103, 9, '0.80'),
(103, 10, '6.51'),
(103, 11, '0.00'),
(103, 12, '0.00'),
(103, 13, '6.00'),
(103, 14, '2.00'),
(103, 15, '30.00'),
(103, 16, '330.00'),
(103, 17, '-0.07'),
(103, 18, '0.00'),
(103, 19, '0.60'),
(103, 20, '3.50'),
(104, 1, '525.00'),
(104, 2, '40.00'),
(104, 3, '322.20'),
(104, 4, '54.21'),
(104, 5, '551.12'),
(104, 6, '84.00'),
(104, 7, '3.10'),
(104, 8, '24.38'),
(104, 9, '0.70'),
(104, 10, '6.68'),
(104, 11, '0.00'),
(104, 12, '0.00'),
(104, 13, '7.93'),
(104, 14, '2.90'),
(104, 15, '30.00'),
(104, 16, '330.00'),
(104, 17, '0.00'),
(104, 18, '0.00'),
(104, 19, '0.70'),
(104, 20, '3.20'),
(105, 1, '175.00'),
(105, 2, '40.00'),
(105, 3, '267.20'),
(105, 4, '58.04'),
(105, 5, '558.48'),
(105, 6, '86.00'),
(105, 7, '3.00'),
(105, 8, '22.41'),
(105, 9, '0.80'),
(105, 10, '8.18'),
(105, 11, '0.00'),
(105, 12, '1.25'),
(105, 13, '6.00'),
(105, 14, '3.10'),
(105, 15, '32.10'),
(105, 16, '335.00'),
(105, 17, '-0.05'),
(105, 18, '0.00'),
(105, 19, '0.70'),
(105, 20, '3.40'),
(106, 1, '125.00'),
(106, 2, '30.00'),
(106, 3, '270.40'),
(106, 4, '59.54'),
(106, 5, '584.48'),
(106, 6, '86.00'),
(106, 7, '3.30'),
(106, 8, '26.38'),
(106, 9, '0.65'),
(106, 10, '8.09'),
(106, 11, '0.00'),
(106, 12, '1.25'),
(106, 13, '8.09'),
(106, 14, '2.67'),
(106, 15, '32.10'),
(106, 16, '345.00'),
(106, 17, '-0.05'),
(106, 18, '0.00'),
(106, 19, '0.65'),
(106, 20, '3.50'),
(107, 1, '125.00'),
(107, 2, '0.00'),
(107, 3, '5.00'),
(107, 4, '60.04'),
(107, 5, '586.20'),
(107, 6, '90.00'),
(107, 7, '3.00'),
(107, 8, '25.88'),
(107, 9, '0.00'),
(107, 10, '4.27'),
(107, 11, '0.00'),
(107, 12, '1.25'),
(107, 13, '0.00'),
(107, 14, '2.85'),
(107, 15, '32.10'),
(107, 16, '345.00'),
(107, 17, '-0.08'),
(107, 18, '0.00'),
(107, 19, '0.40'),
(107, 20, '3.50'),
(110, 1, '575.00'),
(110, 2, '36.00'),
(110, 3, '310.48'),
(110, 4, '49.04'),
(110, 5, '537.76'),
(110, 6, '82.00'),
(110, 7, '3.00'),
(110, 8, '23.21'),
(110, 9, '0.80'),
(110, 10, '5.42'),
(110, 11, '0.00'),
(110, 12, '0.00'),
(110, 13, '7.34'),
(110, 14, '3.00'),
(110, 15, '30.00'),
(110, 16, '330.00'),
(110, 17, '-0.05'),
(110, 18, '0.00'),
(110, 19, '0.55'),
(110, 20, '3.40'),
(111, 1, '175.00'),
(111, 2, '50.00'),
(111, 3, '284.00'),
(111, 4, '57.54'),
(111, 5, '576.48'),
(111, 6, '86.00'),
(111, 7, '3.30'),
(111, 8, '26.46'),
(111, 9, '0.70'),
(111, 10, '8.37'),
(111, 11, '0.00'),
(111, 12, '1.25'),
(111, 13, '8.63'),
(111, 14, '1.00'),
(111, 15, '32.10'),
(111, 16, '325.00'),
(111, 17, '0.02'),
(111, 18, '0.00'),
(111, 19, '0.55'),
(111, 20, '3.25'),
(112, 1, '525.00'),
(112, 2, '50.00'),
(112, 3, '324.00'),
(112, 4, '52.04'),
(112, 5, '516.04'),
(112, 6, '78.00'),
(112, 7, '3.00'),
(112, 8, '22.72'),
(112, 9, '0.80'),
(112, 10, '7.84'),
(112, 11, '0.00'),
(112, 12, '0.00'),
(112, 13, '6.00'),
(112, 14, '2.11'),
(112, 15, '30.00'),
(112, 16, '335.00'),
(112, 17, '-0.05'),
(112, 18, '0.00'),
(112, 19, '0.65'),
(112, 20, '4.00'),
(113, 1, '125.00'),
(113, 2, '40.00'),
(113, 3, '400.00'),
(113, 4, '57.54'),
(113, 5, '600.00'),
(113, 6, '95.00'),
(113, 7, '3.30'),
(113, 8, '29.54'),
(113, 9, '0.45'),
(113, 10, '8.68'),
(113, 11, '0.00'),
(113, 12, '1.25'),
(113, 13, '7.21'),
(113, 14, '1.44'),
(113, 15, '32.10'),
(113, 16, '340.00'),
(113, 17, '-0.07'),
(113, 18, '0.00'),
(113, 19, '0.85'),
(113, 20, '3.00'),
(114, 1, '125.00'),
(114, 2, '40.00'),
(114, 3, '287.20'),
(114, 4, '59.88'),
(114, 5, '592.80'),
(114, 6, '85.00'),
(114, 7, '3.20'),
(114, 8, '24.88'),
(114, 9, '0.50'),
(114, 10, '6.84'),
(114, 11, '0.00'),
(114, 12, '1.25'),
(114, 13, '7.59'),
(114, 14, '3.00'),
(114, 15, '32.10'),
(114, 16, '350.00'),
(114, 17, '-0.07'),
(114, 18, '0.00'),
(114, 19, '0.80'),
(114, 20, '3.50'),
(115, 1, '550.00'),
(115, 2, '50.00'),
(115, 3, '334.00'),
(115, 4, '54.21'),
(115, 5, '524.40'),
(115, 6, '80.00'),
(115, 7, '3.10'),
(115, 8, '21.54'),
(115, 9, '0.80'),
(115, 10, '6.26'),
(115, 11, '0.00'),
(115, 12, '0.00'),
(115, 13, '6.00'),
(115, 14, '2.00'),
(115, 15, '30.00'),
(115, 16, '325.00'),
(115, 17, '-0.05'),
(115, 18, '0.00'),
(115, 19, '0.60'),
(115, 20, '3.30'),
(117, 1, '550.00'),
(117, 2, '55.00'),
(117, 3, '292.40'),
(117, 4, '46.37'),
(117, 5, '552.76'),
(117, 6, '82.00'),
(117, 7, '2.60'),
(117, 8, '19.22'),
(117, 9, '0.60'),
(117, 10, '6.01'),
(117, 11, '0.00'),
(117, 12, '0.00'),
(117, 13, '8.50'),
(117, 14, '2.25'),
(117, 15, '30.00'),
(117, 16, '325.00'),
(117, 17, '0.00'),
(117, 18, '0.00'),
(117, 19, '0.60'),
(117, 20, '3.70'),
(119, 1, '550.00'),
(119, 2, '42.00'),
(119, 3, '310.56'),
(119, 4, '50.38'),
(119, 5, '557.76'),
(119, 6, '82.00'),
(119, 7, '3.50'),
(119, 8, '25.54'),
(119, 9, '0.65'),
(119, 10, '6.18'),
(119, 11, '0.00'),
(119, 12, '0.00'),
(119, 13, '8.04'),
(119, 14, '2.70'),
(119, 15, '30.00'),
(119, 16, '330.00'),
(119, 17, '-0.08'),
(119, 18, '0.00'),
(119, 19, '0.70'),
(119, 20, '3.30'),
(120, 1, '175.00'),
(120, 2, '40.00'),
(120, 3, '277.20'),
(120, 4, '61.38'),
(120, 5, '599.60'),
(120, 6, '95.00'),
(120, 7, '3.20'),
(120, 8, '26.72'),
(120, 9, '0.60'),
(120, 10, '7.00'),
(120, 11, '0.00'),
(120, 12, '1.25'),
(120, 13, '6.50'),
(120, 14, '2.50'),
(120, 15, '32.10'),
(120, 16, '345.00'),
(120, 17, '-0.07'),
(120, 18, '0.00'),
(120, 19, '0.75'),
(120, 20, '4.00'),
(121, 1, '125.00'),
(121, 2, '40.00'),
(121, 3, '327.20'),
(121, 4, '55.21'),
(121, 5, '572.80'),
(121, 6, '85.00'),
(121, 7, '3.10'),
(121, 8, '24.04'),
(121, 9, '0.50'),
(121, 10, '7.51'),
(121, 11, '0.00'),
(121, 12, '1.25'),
(121, 13, '7.59'),
(121, 14, '2.70'),
(121, 15, '32.10'),
(121, 16, '350.00'),
(121, 17, '-0.07'),
(121, 18, '0.00'),
(121, 19, '0.75'),
(121, 20, '3.00'),
(122, 1, '125.00'),
(122, 2, '37.50'),
(122, 3, '263.00'),
(122, 4, '55.88'),
(122, 5, '582.24'),
(122, 6, '93.00'),
(122, 7, '3.50'),
(122, 8, '29.88'),
(122, 9, '0.35'),
(122, 10, '9.85'),
(122, 11, '0.00'),
(122, 12, '1.25'),
(122, 13, '6.59'),
(122, 14, '2.65'),
(122, 15, '32.10'),
(122, 16, '340.00'),
(122, 17, '-0.08'),
(122, 18, '0.00'),
(122, 19, '0.95'),
(122, 20, '3.50'),
(126, 1, '125.00'),
(126, 2, '40.00'),
(126, 3, '307.20'),
(126, 4, '50.38'),
(126, 5, '571.20'),
(126, 6, '90.00'),
(126, 7, '3.50'),
(126, 8, '22.38'),
(126, 9, '0.80'),
(126, 10, '7.34'),
(126, 11, '0.00'),
(126, 12, '0.00'),
(126, 13, '6.00'),
(126, 14, '3.00'),
(126, 15, '30.00'),
(126, 16, '335.00'),
(126, 17, '-0.05'),
(126, 18, '0.00'),
(126, 19, '0.80'),
(126, 20, '3.50'),
(127, 1, '550.00'),
(127, 2, '50.00'),
(127, 3, '304.00'),
(127, 4, '50.54'),
(127, 5, '506.12'),
(127, 6, '84.00'),
(127, 7, '2.70'),
(127, 8, '20.22'),
(127, 9, '0.40'),
(127, 10, '6.92'),
(127, 11, '0.00'),
(127, 12, '0.00'),
(127, 13, '5.67'),
(127, 14, '1.36'),
(127, 15, '30.00'),
(127, 16, '325.00'),
(127, 17, '0.00'),
(127, 18, '0.00'),
(127, 19, '0.55'),
(127, 20, '3.70'),
(131, 1, '150.00'),
(131, 2, '40.00'),
(131, 3, '297.20'),
(131, 4, '53.04'),
(131, 5, '589.20'),
(131, 6, '90.00'),
(131, 7, '3.00'),
(131, 8, '26.05'),
(131, 9, '0.80'),
(131, 10, '7.43'),
(131, 11, '0.00'),
(131, 12, '1.25'),
(131, 13, '6.00'),
(131, 14, '2.25'),
(131, 15, '32.10'),
(131, 16, '345.00'),
(131, 17, '0.00'),
(131, 18, '0.00'),
(131, 19, '0.85'),
(131, 20, '3.60'),
(133, 1, '525.00'),
(133, 2, '35.00'),
(133, 3, '268.80'),
(133, 4, '51.04'),
(133, 5, '532.80'),
(133, 6, '85.00'),
(133, 7, '3.00'),
(133, 8, '23.38'),
(133, 9, '0.40'),
(133, 10, '5.42'),
(133, 11, '0.00'),
(133, 12, '0.00'),
(133, 13, '6.97'),
(133, 14, '3.10'),
(133, 15, '30.00'),
(133, 16, '335.00'),
(133, 17, '-0.07'),
(133, 18, '0.00'),
(133, 19, '0.55'),
(133, 20, '3.50'),
(134, 1, '550.00'),
(134, 2, '50.00'),
(134, 3, '334.00'),
(134, 4, '53.87'),
(134, 5, '511.04'),
(134, 6, '78.00'),
(134, 7, '2.90'),
(134, 8, '24.71'),
(134, 9, '0.80'),
(134, 10, '6.51'),
(134, 11, '0.00'),
(134, 12, '0.00'),
(134, 13, '6.00'),
(134, 14, '2.00'),
(134, 15, '30.00'),
(134, 16, '330.00'),
(134, 17, '0.00'),
(134, 18, '0.00'),
(134, 19, '0.60'),
(134, 20, '3.40'),
(143, 1, '575.00'),
(143, 2, '50.00'),
(143, 3, '334.00'),
(143, 4, '53.38'),
(143, 5, '479.32'),
(143, 6, '74.00'),
(143, 7, '3.20'),
(143, 8, '20.04'),
(143, 9, '0.80'),
(143, 10, '5.69'),
(143, 11, '0.00'),
(143, 12, '0.00'),
(143, 13, '6.00'),
(143, 14, '2.11'),
(143, 15, '30.00'),
(143, 16, '325.00'),
(143, 17, '0.00'),
(143, 18, '0.00'),
(143, 19, '0.50'),
(143, 20, '3.00'),
(150, 1, '150.00'),
(150, 2, '0.00'),
(150, 3, '100.00'),
(150, 4, '48.00'),
(150, 5, '540.00'),
(150, 6, '65.00'),
(150, 7, '3.00'),
(150, 8, '23.00'),
(150, 9, '0.00'),
(150, 10, '2.50'),
(150, 11, '0.00'),
(150, 12, '0.00'),
(150, 13, '0.00'),
(150, 14, '6.00'),
(150, 15, '30.00'),
(150, 16, '325.00'),
(150, 17, '0.00'),
(150, 18, '0.00'),
(150, 19, '0.50'),
(150, 20, '2.50'),
(154, 1, '125.00'),
(154, 2, '0.00'),
(154, 3, '0.00'),
(154, 4, '59.67'),
(154, 5, '614.60'),
(154, 6, '95.00'),
(154, 7, '3.38'),
(154, 8, '23.88'),
(154, 9, '0.00'),
(154, 10, '7.92'),
(154, 11, '0.00'),
(154, 12, '1.25'),
(154, 13, '0.00'),
(154, 14, '1.60'),
(154, 15, '32.10'),
(154, 16, '335.00'),
(154, 17, '-0.02'),
(154, 18, '0.00'),
(154, 19, '0.55'),
(154, 20, '3.50'),
(157, 1, '175.00'),
(157, 2, '0.00'),
(157, 3, '100.00'),
(157, 4, '55.38'),
(157, 5, '517.76'),
(157, 6, '82.00'),
(157, 7, '3.20'),
(157, 8, '24.71'),
(157, 9, '0.00'),
(157, 10, '6.51'),
(157, 11, '0.00'),
(157, 12, '0.00'),
(157, 13, '0.00'),
(157, 14, '3.20'),
(157, 15, '30.00'),
(157, 16, '345.00'),
(157, 17, '-0.05'),
(157, 18, '0.00'),
(157, 19, '0.90'),
(157, 20, '3.40'),
(161, 1, '525.00'),
(161, 2, '45.00'),
(161, 3, '325.60'),
(161, 4, '54.94'),
(161, 5, '507.68'),
(161, 6, '76.00'),
(161, 7, '3.14'),
(161, 8, '21.88'),
(161, 9, '0.80'),
(161, 10, '5.42'),
(161, 11, '0.00'),
(161, 12, '0.00'),
(161, 13, '6.00'),
(161, 14, '1.36'),
(161, 15, '30.00'),
(161, 16, '340.00'),
(161, 17, '0.00'),
(161, 18, '0.00'),
(161, 19, '0.55'),
(161, 20, '3.50'),
(201, 1, '125.00'),
(201, 2, '45.00'),
(201, 3, '310.60'),
(201, 4, '55.38'),
(201, 5, '576.16'),
(201, 6, '87.00'),
(201, 7, '3.20'),
(201, 8, '26.72'),
(201, 9, '0.80'),
(201, 10, '8.18'),
(201, 11, '0.00'),
(201, 12, '1.25'),
(201, 13, '6.00'),
(201, 14, '3.50'),
(201, 15, '32.10'),
(201, 16, '335.00'),
(201, 17, '-0.03'),
(201, 18, '0.00'),
(201, 19, '1.00'),
(201, 20, '4.00'),
(222, 1, '525.00'),
(222, 2, '45.00'),
(222, 3, '245.60'),
(222, 4, '53.04'),
(222, 5, '517.76'),
(222, 6, '82.00'),
(222, 7, '3.00'),
(222, 8, '22.88'),
(222, 9, '1.00'),
(222, 10, '5.84'),
(222, 11, '0.00'),
(222, 12, '0.00'),
(222, 13, '6.68'),
(222, 14, '1.00'),
(222, 15, '30.00'),
(222, 16, '325.00'),
(222, 17, '0.00'),
(222, 18, '0.00'),
(222, 19, '0.50'),
(222, 20, '3.50'),
(223, 1, '200.00'),
(223, 2, '40.00'),
(223, 3, '325.00'),
(223, 4, '56.00'),
(223, 5, '610.00'),
(223, 6, '95.00'),
(223, 7, '3.20'),
(223, 8, '27.00'),
(223, 9, '1.00'),
(223, 10, '6.50'),
(223, 11, '0.00'),
(223, 12, '1.25'),
(223, 13, '5.50'),
(223, 14, '2.50'),
(223, 15, '32.10'),
(223, 16, '335.00'),
(223, 17, '0.00'),
(223, 18, '0.00'),
(223, 19, '0.55'),
(223, 20, '3.00'),
(236, 1, '500.00'),
(236, 2, '41.00'),
(236, 3, '298.88'),
(236, 4, '52.04'),
(236, 5, '554.40'),
(236, 6, '80.00'),
(236, 7, '3.00'),
(236, 8, '24.04'),
(236, 9, '0.70'),
(236, 10, '6.19'),
(236, 11, '0.00'),
(236, 12, '0.00'),
(236, 13, '8.18'),
(236, 14, '3.30'),
(236, 15, '30.00'),
(236, 16, '335.00'),
(236, 17, '-0.02'),
(236, 18, '0.00'),
(236, 19, '0.65'),
(236, 20, '3.00'),
(238, 1, '125.00'),
(238, 2, '0.00'),
(238, 3, '200.00'),
(238, 4, '54.71'),
(238, 5, '579.40'),
(238, 6, '80.00'),
(238, 7, '3.40'),
(238, 8, '26.88'),
(238, 9, '0.00'),
(238, 10, '7.09'),
(238, 11, '0.00'),
(238, 12, '1.25'),
(238, 13, '50.00'),
(238, 14, '2.10'),
(238, 15, '32.10'),
(238, 16, '345.00'),
(238, 17, '-0.03'),
(238, 18, '0.00'),
(238, 19, '0.65'),
(238, 20, '3.50'),
(245, 1, '125.00'),
(245, 2, '50.00'),
(245, 3, '280.00'),
(245, 4, '59.00'),
(245, 5, '580.00'),
(245, 6, '80.00'),
(245, 7, '3.00'),
(245, 8, '27.00'),
(245, 9, '0.80'),
(245, 10, '9.00'),
(245, 11, '0.00'),
(245, 12, '1.25'),
(245, 13, '6.00'),
(245, 14, '3.30'),
(245, 15, '32.00'),
(245, 16, '340.00'),
(245, 17, '0.00'),
(245, 18, '0.00'),
(245, 19, '0.90'),
(245, 20, '3.00'),
(254, 1, '125.00'),
(254, 2, '45.00'),
(254, 3, '295.60'),
(254, 4, '55.88'),
(254, 5, '582.80'),
(254, 6, '85.00'),
(254, 7, '3.50'),
(254, 8, '25.88'),
(254, 9, '0.65'),
(254, 10, '9.01'),
(254, 11, '0.00'),
(254, 12, '1.25'),
(254, 13, '8.09'),
(254, 14, '2.50'),
(254, 15, '32.10'),
(254, 16, '345.00'),
(254, 17, '-0.03'),
(254, 18, '0.00'),
(254, 19, '0.90'),
(254, 20, '3.50'),
(266, 1, '150.00'),
(266, 2, '45.00'),
(266, 3, '105.60'),
(266, 4, '60.38'),
(266, 5, '537.80'),
(266, 6, '85.00'),
(266, 7, '3.20'),
(266, 8, '24.38'),
(266, 9, '0.00'),
(266, 10, '6.59'),
(266, 11, '0.00'),
(266, 12, '1.25'),
(266, 13, '0.00'),
(266, 14, '3.00'),
(266, 15, '32.10'),
(266, 16, '345.00'),
(266, 17, '-0.04'),
(266, 18, '0.00'),
(266, 19, '0.50'),
(266, 20, '3.80'),
(267, 1, '550.00'),
(267, 2, '43.00'),
(267, 3, '377.24'),
(267, 4, '51.21'),
(267, 5, '489.32'),
(267, 6, '74.00'),
(267, 7, '3.10'),
(267, 8, '19.72'),
(267, 9, '0.40'),
(267, 10, '5.42'),
(267, 11, '0.00'),
(267, 12, '0.00'),
(267, 13, '9.00'),
(267, 14, '2.61'),
(267, 15, '30.00'),
(267, 16, '335.00'),
(267, 17, '-0.03'),
(267, 18, '0.00'),
(267, 19, '0.55'),
(267, 20, '4.00'),
(268, 1, '525.00'),
(268, 2, '42.00'),
(268, 3, '350.56'),
(268, 4, '52.00'),
(268, 5, '524.40'),
(268, 6, '80.00'),
(268, 7, '2.80'),
(268, 8, '19.04'),
(268, 9, '0.80'),
(268, 10, '6.92'),
(268, 11, '0.00'),
(268, 12, '0.00'),
(268, 13, '6.00'),
(268, 14, '1.50'),
(268, 15, '30.00'),
(268, 16, '335.00'),
(268, 17, '-0.02'),
(268, 18, '0.00'),
(268, 19, '0.55'),
(268, 20, '3.00'),
(412, 1, '450.00'),
(412, 2, '44.00'),
(412, 3, '273.92'),
(412, 4, '47.70'),
(412, 5, '560.52'),
(412, 6, '89.00'),
(412, 7, '2.20'),
(412, 8, '16.00'),
(412, 9, '0.80'),
(412, 10, '6.92'),
(412, 11, '0.00'),
(412, 12, '0.00'),
(412, 13, '6.00'),
(412, 14, '3.50'),
(412, 15, '30.00'),
(412, 16, '335.00'),
(412, 17, '0.00'),
(412, 18, '0.00'),
(412, 19, '0.55'),
(412, 20, '0.00'),
(421, 1, '175.00'),
(421, 2, '0.00'),
(421, 3, '100.00'),
(421, 4, '55.63'),
(421, 5, '570.00'),
(421, 6, '90.00'),
(421, 7, '3.35'),
(421, 8, '28.30'),
(421, 9, '0.00'),
(421, 10, '7.34'),
(421, 11, '0.00'),
(421, 12, '1.25'),
(421, 13, '0.00'),
(421, 14, '2.00'),
(421, 15, '32.10'),
(421, 16, '335.00'),
(421, 17, '0.00'),
(421, 18, '0.00'),
(421, 19, '0.65'),
(421, 20, '3.75'),
(429, 1, '550.00'),
(429, 2, '35.00'),
(429, 3, '231.80'),
(429, 4, '57.50'),
(429, 5, '517.76'),
(429, 6, '83.00'),
(429, 7, '3.50'),
(429, 8, '19.01'),
(429, 9, '0.40'),
(429, 10, '6.00'),
(429, 11, '0.00'),
(429, 12, '0.00'),
(429, 13, '6.30'),
(429, 14, '3.30'),
(429, 15, '30.00'),
(429, 16, '325.00'),
(429, 17, '-0.05'),
(429, 18, '0.00'),
(429, 19, '0.55'),
(429, 20, '3.50'),
(432, 1, '500.00'),
(432, 2, '50.00'),
(432, 3, '350.00'),
(432, 4, '52.00'),
(432, 5, '535.00'),
(432, 6, '85.00'),
(432, 7, '3.00'),
(432, 8, '25.00'),
(432, 9, '0.45'),
(432, 10, '5.40'),
(432, 11, '0.00'),
(432, 12, '0.00'),
(432, 13, '6.00'),
(432, 14, '2.00'),
(432, 15, '30.00'),
(432, 16, '330.00'),
(432, 17, '0.00'),
(432, 18, '0.00'),
(432, 19, '0.55'),
(432, 20, '4.00');

-- --------------------------------------------------------

--
-- Tabellenstruktur für Tabelle `choosenItems`
--

CREATE TABLE IF NOT EXISTS `choosenItems` (
  `game_id` int(255) NOT NULL,
  `item_id` int(255) NOT NULL,
  `turn` int(255) NOT NULL
) ENGINE=InnoDB DEFAULT CHARSET=latin1;

--
-- Daten für Tabelle `choosenItems`
--

INSERT INTO `choosenItems` (`game_id`, `item_id`, `turn`) VALUES
(1, 1052, 3),
(1, 3003, 4),
(1, 3100, 5),
(1, 3116, 6),
(1, 3136, 1),
(1, 3165, 2);

-- --------------------------------------------------------

--
-- Tabellenstruktur für Tabelle `games`
--

CREATE TABLE IF NOT EXISTS `games` (
  `id` int(255) NOT NULL,
  `player_name` varchar(255) NOT NULL,
  `state_id` int(255) NOT NULL,
  `champId` int(255) NOT NULL,
  `currentScore` decimal(65,3) NOT NULL DEFAULT '0.000',
  `opponentGame` varchar(255) NOT NULL,
  `opponentParticipantId` int(255) NOT NULL,
  `timestamp` int(255) NOT NULL,
  `numberOfTurns` int(255) NOT NULL,
  `won` tinyint(1) NOT NULL DEFAULT '0'
) ENGINE=InnoDB AUTO_INCREMENT=27 DEFAULT CHARSET=latin1;

--
-- Daten für Tabelle `games`
--

INSERT INTO `games` (`id`, `player_name`, `state_id`, `champId`, `currentScore`, `opponentGame`, `opponentParticipantId`, `timestamp`, `numberOfTurns`, `won`) VALUES
(1, 'skilledGod', 2, 1, '1867.953', 'testMatch.json', 3, 1440327266, 6, 0),
(2, 'skilledGod', 2, 1, '2000.000', 'testMatch.json', 3, 1440327266, 6, 0),
(3, 'skilledGod', 2, 1, '2000.000', 'testMatch.json', 3, 1440327266, 6, 0),
(4, 'skilledGod', 2, 1, '2000.000', 'testMatch.json', 3, 1440327266, 6, 0),
(5, 'skilledGod', 2, 1, '2000.000', 'testMatch.json', 3, 1440327266, 6, 0),
(6, 'skilledGod', 2, 1, '2000.000', 'testMatch.json', 3, 1440327266, 6, 0),
(7, 'skilledGod', 2, 1, '2000.000', 'testMatch.json', 3, 1440327266, 6, 0),
(8, 'skilledGod', 2, 1, '2000.000', 'testMatch.json', 3, 1440327266, 6, 0),
(9, 'skilledGod', 2, 1, '2000.000', 'testMatch.json', 3, 1440327266, 6, 0),
(10, 'skilledGod', 2, 1, '2000.000', 'testMatch.json', 3, 1440327266, 6, 0),
(11, 'skilledGod', 2, 1, '2000.000', 'testMatch.json', 3, 1440327266, 6, 0),
(12, 'skilledGod', 2, 1, '2000.000', 'testMatch.json', 3, 1440327266, 6, 0),
(13, 'skilledGod', 2, 1, '2000.000', 'testMatch.json', 3, 1440327266, 6, 0),
(14, 'skilledGod', 2, 1, '2000.000', 'testMatch.json', 3, 1440327266, 6, 0),
(15, 'skilledGod', 2, 1, '2000.000', 'testMatch.json', 3, 1440327266, 6, 0),
(16, 'skilledGod', 2, 1, '2000.000', 'testMatch.json', 3, 1440327266, 6, 0),
(17, 'skilledGod', 2, 1, '2000.000', 'testMatch.json', 3, 1440327266, 6, 0),
(18, 'skilledGod', 2, 1, '2000.000', 'testMatch.json', 3, 1440327266, 6, 0),
(19, 'skilledGod', 2, 1, '2000.000', 'testMatch.json', 3, 1440327266, 6, 0),
(20, 'skilledGod', 2, 1, '2000.000', 'testMatch.json', 3, 1440327266, 6, 0),
(21, 'skilledGod', 2, 1, '2000.000', 'testMatch.json', 3, 1440327266, 6, 0),
(22, 'skilledGod', 2, 1, '2000.000', 'testMatch.json', 3, 1440327266, 6, 0),
(23, 'skilledGod', 2, 1, '2000.000', 'testMatch.json', 3, 1440327266, 6, 0),
(24, 'skilledGod', 2, 1, '2000.000', 'testMatch.json', 3, 1440327266, 6, 0),
(25, 'skilledGod', 2, 1, '2000.000', 'testMatch.json', 3, 1440327266, 6, 0),
(26, 'skilledGod', 2, 1, '2000.000', 'testMatch.json', 3, 1440327266, 6, 0);

-- --------------------------------------------------------

--
-- Tabellenstruktur für Tabelle `items`
--

CREATE TABLE IF NOT EXISTS `items` (
  `id` int(255) NOT NULL,
  `name` varchar(255) NOT NULL
) ENGINE=InnoDB DEFAULT CHARSET=latin1;

--
-- Daten für Tabelle `items`
--

INSERT INTO `items` (`id`, `name`) VALUES
(1001, 'Boots of Speed'),
(1004, 'Faerie Charm'),
(1006, 'Rejuvenation Bead'),
(1011, 'Giant''s Belt'),
(1018, 'Cloak of Agility'),
(1026, 'Blasting Wand'),
(1027, 'Sapphire Crystal'),
(1028, 'Ruby Crystal'),
(1029, 'Cloth Armor'),
(1031, 'Chain Vest'),
(1033, 'Null-Magic Mantle'),
(1036, 'Long Sword'),
(1037, 'Pickaxe'),
(1038, 'B. F. Sword'),
(1039, 'Hunter''s Machete'),
(1042, 'Dagger'),
(1043, 'Recurve Bow'),
(1051, 'Brawler''s Gloves'),
(1052, 'Amplifying Tome'),
(1053, 'Vampiric Scepter'),
(1054, 'Doran''s Shield'),
(1055, 'Doran''s Blade'),
(1056, 'Doran''s Ring'),
(1057, 'Negatron Cloak'),
(1058, 'Needlessly Large Rod'),
(1062, 'Prospector''s Blade'),
(1063, 'Prospector''s Ring'),
(1074, 'Doran''s Shield (Showdown)'),
(1075, 'Doran''s Blade (Showdown)'),
(1076, 'Doran''s Ring (Showdown)'),
(1300, 'Enchantment: Furor'),
(1301, 'Enchantment: Alacrity'),
(1302, 'Enchantment: Captain'),
(1303, 'Enchantment: Distortion'),
(1304, 'Enchantment: Homeguard'),
(1305, 'Enchantment: Furor'),
(1306, 'Enchantment: Alacrity'),
(1307, 'Enchantment: Captain'),
(1308, 'Enchantment: Distortion'),
(1309, 'Enchantment: Homeguard'),
(1310, 'Enchantment: Furor'),
(1311, 'Enchantment: Alacrity'),
(1312, 'Enchantment: Captain'),
(1313, 'Enchantment: Distortion'),
(1314, 'Enchantment: Homeguard'),
(1315, 'Enchantment: Furor'),
(1316, 'Enchantment: Alacrity'),
(1317, 'Enchantment: Captain'),
(1318, 'Enchantment: Distortion'),
(1319, 'Enchantment: Homeguard'),
(1320, 'Enchantment: Furor'),
(1321, 'Enchantment: Alacrity'),
(1322, 'Enchantment: Captain'),
(1323, 'Enchantment: Distortion'),
(1324, 'Enchantment: Homeguard'),
(1325, 'Enchantment: Furor'),
(1326, 'Enchantment: Alacrity'),
(1327, 'Enchantment: Captain'),
(1328, 'Enchantment: Distortion'),
(1329, 'Enchantment: Homeguard'),
(1330, 'Enchantment: Furor'),
(1331, 'Enchantment: Alacrity'),
(1332, 'Enchantment: Captain'),
(1333, 'Enchantment: Distortion'),
(1334, 'Enchantment: Homeguard'),
(1335, 'Enchantment: Teleport'),
(1336, 'Enchantment: Teleport'),
(1337, 'Enchantment: Teleport'),
(1338, 'Enchantment: Teleport'),
(1339, 'Enchantment: Teleport'),
(1340, 'Enchantment: Teleport'),
(1341, 'Enchantment: Teleport'),
(2003, 'Health Potion'),
(2004, 'Mana Potion'),
(2009, 'Total Biscuit of Rejuvenation'),
(2010, 'Total Biscuit of Rejuvenation'),
(2041, 'Crystalline Flask'),
(2043, 'Vision Ward'),
(2044, 'Stealth Ward'),
(2045, 'Ruby Sightstone'),
(2047, 'Oracle''s Extract'),
(2049, 'Sightstone'),
(2050, 'Explorer''s Ward'),
(2051, 'Guardian''s Horn'),
(2052, 'Poro-Snax'),
(2053, 'Raptor Cloak'),
(2054, 'Diet Poro-Snax'),
(2137, 'Elixir of Ruin'),
(2138, 'Elixir of Iron'),
(2139, 'Elixir of Sorcery'),
(2140, 'Elixir of Wrath'),
(3001, 'Abyssal Scepter'),
(3003, 'Archangel''s Staff'),
(3004, 'Manamune'),
(3006, 'Berserker''s Greaves'),
(3007, 'Archangel''s Staff (Crystal Scar)'),
(3008, 'Manamune (Crystal Scar)'),
(3009, 'Boots of Swiftness'),
(3010, 'Catalyst the Protector'),
(3020, 'Sorcerer''s Shoes'),
(3022, 'Frozen Mallet'),
(3023, 'Twin Shadows'),
(3024, 'Glacial Shroud'),
(3025, 'Iceborn Gauntlet'),
(3026, 'Guardian Angel'),
(3027, 'Rod of Ages'),
(3028, 'Chalice of Harmony'),
(3029, 'Rod of Ages (Crystal Scar)'),
(3031, 'Infinity Edge'),
(3035, 'Last Whisper'),
(3040, 'Seraph''s Embrace'),
(3041, 'Mejai''s Soulstealer'),
(3042, 'Muramana'),
(3043, 'Muramana'),
(3044, 'Phage'),
(3046, 'Phantom Dancer'),
(3047, 'Ninja Tabi'),
(3048, 'Seraph''s Embrace'),
(3050, 'Zeke''s Harbinger'),
(3056, 'Ohmwrecker'),
(3057, 'Sheen'),
(3060, 'Banner of Command'),
(3065, 'Spirit Visage'),
(3067, 'Kindlegem'),
(3068, 'Sunfire Cape'),
(3069, 'Talisman of Ascension'),
(3070, 'Tear of the Goddess'),
(3071, 'The Black Cleaver'),
(3072, 'The Bloodthirster'),
(3073, 'Tear of the Goddess (Crystal Scar)'),
(3074, 'Ravenous Hydra (Melee Only)'),
(3075, 'Thornmail'),
(3077, 'Tiamat (Melee Only)'),
(3078, 'Trinity Force'),
(3082, 'Warden''s Mail'),
(3083, 'Warmog''s Armor'),
(3084, 'Overlord''s Bloodmail'),
(3085, 'Runaan''s Hurricane (Ranged Only)'),
(3086, 'Zeal'),
(3087, 'Statikk Shiv'),
(3089, 'Rabadon''s Deathcap'),
(3090, 'Wooglet''s Witchcap'),
(3091, 'Wit''s End'),
(3092, 'Frost Queen''s Claim'),
(3093, 'Avarice Blade'),
(3096, 'Nomad''s Medallion'),
(3097, 'Targon''s Brace'),
(3098, 'Frostfang'),
(3100, 'Lich Bane'),
(3101, 'Stinger'),
(3102, 'Banshee''s Veil'),
(3104, 'Lord Van Damm''s Pillager'),
(3105, 'Aegis of the Legion'),
(3106, 'Madred''s Razors'),
(3108, 'Fiendish Codex'),
(3110, 'Frozen Heart'),
(3111, 'Mercury''s Treads'),
(3112, 'Orb of Winter'),
(3113, 'Aether Wisp'),
(3114, 'Forbidden Idol'),
(3115, 'Nashor''s Tooth'),
(3116, 'Rylai''s Crystal Scepter'),
(3117, 'Boots of Mobility'),
(3122, 'Wicked Hatchet'),
(3124, 'Guinsoo''s Rageblade'),
(3134, 'The Brutalizer'),
(3135, 'Void Staff'),
(3136, 'Haunting Guise'),
(3137, 'Dervish Blade'),
(3139, 'Mercurial Scimitar'),
(3140, 'Quicksilver Sash'),
(3141, 'Sword of the Occult'),
(3142, 'Youmuu''s Ghostblade'),
(3143, 'Randuin''s Omen'),
(3144, 'Bilgewater Cutlass'),
(3145, 'Hextech Revolver'),
(3146, 'Hextech Gunblade'),
(3150, 'Mirage Blade'),
(3151, 'Liandry''s Torment'),
(3152, 'Will of the Ancients'),
(3153, 'Blade of the Ruined King'),
(3154, 'Wriggle''s Lantern'),
(3155, 'Hexdrinker'),
(3156, 'Maw of Malmortius'),
(3157, 'Zhonya''s Hourglass'),
(3158, 'Ionian Boots of Lucidity'),
(3159, 'Grez''s Spectral Lantern'),
(3165, 'Morellonomicon'),
(3170, 'Moonflair Spellblade'),
(3172, 'Zephyr'),
(3174, 'Athene''s Unholy Grail'),
(3180, 'Odyn''s Veil'),
(3181, 'Sanguine Blade'),
(3184, 'Entropy'),
(3185, 'The Lightbringer'),
(3187, 'Hextech Sweeper'),
(3190, 'Locket of the Iron Solari'),
(3191, 'Seeker''s Armguard'),
(3196, 'The Hex Core mk-1'),
(3197, 'The Hex Core mk-2'),
(3198, 'Perfect Hex Core'),
(3200, 'Prototype Hex Core'),
(3211, 'Spectre''s Cowl'),
(3222, 'Mikael''s Crucible'),
(3240, 'Enchantment: Furor'),
(3241, 'Enchantment: Alacrity'),
(3242, 'Enchantment: Captain'),
(3243, 'Enchantment: Distortion'),
(3244, 'Enchantment: Homeguard'),
(3245, 'Enchantment: Teleport'),
(3285, 'Luden''s Echo'),
(3290, 'Twin Shadows'),
(3301, 'Ancient Coin'),
(3302, 'Relic Shield'),
(3303, 'Spellthief''s Edge'),
(3340, 'Warding Totem (Trinket)'),
(3341, 'Sweeping Lens (Trinket)'),
(3342, 'Scrying Orb (Trinket)'),
(3345, 'Soul Anchor (Trinket)'),
(3348, 'Hextech Sweeper'),
(3361, 'Greater Stealth Totem (Trinket)'),
(3362, 'Greater Vision Totem (Trinket)'),
(3363, 'Farsight Orb (Trinket)'),
(3364, 'Oracle''s Lens (Trinket)'),
(3401, 'Face of the Mountain'),
(3430, 'Rite of Ruin'),
(3431, 'Netherstride Grimoire'),
(3433, 'Lost Chapter'),
(3434, 'Pox Arcana'),
(3460, 'Golden Transcendence'),
(3504, 'Ardent Censer'),
(3508, 'Essence Reaver'),
(3512, 'Zz''Rot Portal'),
(3599, 'The Black Spear'),
(3611, 'Razorfin'),
(3612, 'Ironback'),
(3613, 'Plundercrab'),
(3614, 'Ocklepod'),
(3615, 'Mercenary Upgrade 1'),
(3616, 'Mercenary Upgrade 2'),
(3617, 'Mercenary Upgrade 3'),
(3621, 'Offense Upgrade 1'),
(3622, 'Offense Upgrade 2'),
(3623, 'Offense Upgrade 3'),
(3624, 'Defense Upgrade 1'),
(3625, 'Defense Upgrade 2'),
(3626, 'Defense Upgrade 3'),
(3652, 'Typhoon Claws'),
(3706, 'Stalker''s Blade'),
(3707, 'Enchantment: Warrior'),
(3708, 'Enchantment: Runeglaive'),
(3709, 'Enchantment: Cinderhulk'),
(3710, 'Enchantment: Devourer'),
(3711, 'Poacher''s Knife'),
(3713, 'Ranger''s Trailblazer'),
(3714, 'Enchantment: Warrior'),
(3715, 'Skirmisher''s Sabre'),
(3716, 'Enchantment: Runeglaive'),
(3717, 'Enchantment: Cinderhulk'),
(3718, 'Enchantment: Devourer'),
(3719, 'Enchantment: Warrior'),
(3720, 'Enchantment: Runeglaive'),
(3721, 'Enchantment: Cinderhulk'),
(3722, 'Enchantment: Devourer'),
(3723, 'Enchantment: Warrior'),
(3724, 'Enchantment: Runeglaive'),
(3725, 'Enchantment: Cinderhulk'),
(3726, 'Enchantment: Devourer'),
(3742, 'Dead Man''s Plate'),
(3744, 'Staff of Flowing Water'),
(3745, 'Puppeteer'),
(3751, 'Bami''s Cinder'),
(3800, 'Righteous Glory'),
(3801, 'Crystalline Bracer'),
(3829, 'Trickster''s Glass'),
(3840, 'Globe of Trust'),
(3841, 'Swindler''s Orb'),
(3844, 'Murksphere'),
(3901, 'Fire at Will'),
(3902, 'Death''s Daughter'),
(3903, 'Raise Morale'),
(3911, 'Martyr''s Gambit'),
(3924, 'Flesheater (Melee Only)'),
(3930, 'Enchantment: Sated Devourer'),
(3931, 'Enchantment: Sated Devourer'),
(3932, 'Enchantment: Sated Devourer'),
(3933, 'Enchantment: Sated Devourer');

-- --------------------------------------------------------

--
-- Tabellenstruktur für Tabelle `proposedItems`
--

CREATE TABLE IF NOT EXISTS `proposedItems` (
  `game_id` int(255) NOT NULL,
  `item_id` int(255) NOT NULL,
  `turn` int(255) NOT NULL
) ENGINE=InnoDB DEFAULT CHARSET=latin1;

--
-- Daten für Tabelle `proposedItems`
--

INSERT INTO `proposedItems` (`game_id`, `item_id`, `turn`) VALUES
(1, 1052, 3),
(1, 1058, 1),
(1, 1063, 4),
(1, 3003, 4),
(1, 3041, 2),
(1, 3057, 3),
(1, 3100, 5),
(1, 3113, 3),
(1, 3115, 5),
(1, 3116, 6),
(1, 3136, 1),
(1, 3146, 1),
(1, 3151, 6),
(1, 3157, 5),
(1, 3165, 2),
(1, 3170, 2),
(1, 3197, 6),
(1, 3198, 4);

-- --------------------------------------------------------

--
-- Tabellenstruktur für Tabelle `state`
--

CREATE TABLE IF NOT EXISTS `state` (
  `id` int(255) NOT NULL,
  `description` varchar(255) NOT NULL,
  `chronology` int(255) NOT NULL
) ENGINE=InnoDB AUTO_INCREMENT=3 DEFAULT CHARSET=latin1;

--
-- Daten für Tabelle `state`
--

INSERT INTO `state` (`id`, `description`, `chronology`) VALUES
(1, 'start of game', 0),
(2, 'end of game', 1);

-- --------------------------------------------------------

--
-- Tabellenstruktur für Tabelle `stats`
--

CREATE TABLE IF NOT EXISTS `stats` (
  `id` int(255) NOT NULL,
  `name` varchar(255) NOT NULL
) ENGINE=InnoDB AUTO_INCREMENT=21 DEFAULT CHARSET=latin1;

--
-- Daten für Tabelle `stats`
--

INSERT INTO `stats` (`id`, `name`) VALUES
(1, 'attackrange'),
(2, 'mpperlevel'),
(3, 'mp'),
(4, 'attackdamage'),
(5, 'hp'),
(6, 'hpperlevel'),
(7, 'attackdamageperlevel'),
(8, 'armor'),
(9, 'mpregenperlevel'),
(10, 'hpregen'),
(11, 'critperlevel'),
(12, 'spellblockperlevel'),
(13, 'mpregen'),
(14, 'attackspeedperlevel'),
(15, 'spellblock'),
(16, 'movespeed'),
(17, 'attackspeedoffset'),
(18, 'crit'),
(19, 'hpregenperlevel'),
(20, 'armorperlevel');

-- --------------------------------------------------------

--
-- Tabellenstruktur für Tabelle `statToPointMap`
--

CREATE TABLE IF NOT EXISTS `statToPointMap` (
  `name` varchar(255) NOT NULL,
  `value` decimal(65,2) NOT NULL DEFAULT '1.00'
) ENGINE=InnoDB DEFAULT CHARSET=latin1;

--
-- Daten für Tabelle `statToPointMap`
--

INSERT INTO `statToPointMap` (`name`, `value`) VALUES
('Armor', '1.00'),
('ArmorPenetration', '1.00'),
('AttackDamage', '1.00'),
('AttackSpeed', '1.00'),
('CooldownReduction', '1.00'),
('CritChance', '1.00'),
('CritDamage', '1.00'),
('HealthPool', '1.00'),
('HealthPoolRegen', '1.00'),
('LifeSteal', '1.00'),
('MagicDamage', '1.00'),
('ManaPool', '1.00'),
('ManaPoolRegen', '1.00'),
('MovementSpeed', '1.00'),
('PercentArmorPenetration', '1.00'),
('PercentSpellblockPenetration', '1.00'),
('Spellblock', '1.00'),
('SpellblockPenetration', '1.00'),
('Spellvamp', '1.00'),
('Tenacity', '1.00');

--
-- Indizes der exportierten Tabellen
--

--
-- Indizes für die Tabelle `ap_items`
--
ALTER TABLE `ap_items`
  ADD KEY `item_id` (`id`);

--
-- Indizes für die Tabelle `champs`
--
ALTER TABLE `champs`
  ADD PRIMARY KEY (`id`);

--
-- Indizes für die Tabelle `champ_stats`
--
ALTER TABLE `champ_stats`
  ADD UNIQUE KEY `champ_id` (`champ_id`,`stat_id`);

--
-- Indizes für die Tabelle `choosenItems`
--
ALTER TABLE `choosenItems`
  ADD UNIQUE KEY `ind` (`game_id`,`item_id`);

--
-- Indizes für die Tabelle `games`
--
ALTER TABLE `games`
  ADD PRIMARY KEY (`id`);

--
-- Indizes für die Tabelle `items`
--
ALTER TABLE `items`
  ADD PRIMARY KEY (`id`);

--
-- Indizes für die Tabelle `proposedItems`
--
ALTER TABLE `proposedItems`
  ADD UNIQUE KEY `item` (`game_id`,`item_id`);

--
-- Indizes für die Tabelle `state`
--
ALTER TABLE `state`
  ADD PRIMARY KEY (`id`);

--
-- Indizes für die Tabelle `stats`
--
ALTER TABLE `stats`
  ADD PRIMARY KEY (`id`);

--
-- Indizes für die Tabelle `statToPointMap`
--
ALTER TABLE `statToPointMap`
  ADD PRIMARY KEY (`name`);

--
-- AUTO_INCREMENT für exportierte Tabellen
--

--
-- AUTO_INCREMENT für Tabelle `champs`
--
ALTER TABLE `champs`
  MODIFY `id` int(255) NOT NULL AUTO_INCREMENT,AUTO_INCREMENT=433;
--
-- AUTO_INCREMENT für Tabelle `games`
--
ALTER TABLE `games`
  MODIFY `id` int(255) NOT NULL AUTO_INCREMENT,AUTO_INCREMENT=27;
--
-- AUTO_INCREMENT für Tabelle `state`
--
ALTER TABLE `state`
  MODIFY `id` int(255) NOT NULL AUTO_INCREMENT,AUTO_INCREMENT=3;
--
-- AUTO_INCREMENT für Tabelle `stats`
--
ALTER TABLE `stats`
  MODIFY `id` int(255) NOT NULL AUTO_INCREMENT,AUTO_INCREMENT=21;
/*!40101 SET CHARACTER_SET_CLIENT=@OLD_CHARACTER_SET_CLIENT */;
/*!40101 SET CHARACTER_SET_RESULTS=@OLD_CHARACTER_SET_RESULTS */;
/*!40101 SET COLLATION_CONNECTION=@OLD_COLLATION_CONNECTION */;
